-- MySQL dump 10.13  Distrib 5.5.38, for debian-linux-gnu (x86_64)
--
-- Host: localhost    Database: intranet
-- ------------------------------------------------------
-- Server version	5.5.38-0ubuntu0.14.04.1

/*!40101 SET @OLD_CHARACTER_SET_CLIENT=@@CHARACTER_SET_CLIENT */;
/*!40101 SET @OLD_CHARACTER_SET_RESULTS=@@CHARACTER_SET_RESULTS */;
/*!40101 SET @OLD_COLLATION_CONNECTION=@@COLLATION_CONNECTION */;
/*!40101 SET NAMES utf8 */;
/*!40103 SET @OLD_TIME_ZONE=@@TIME_ZONE */;
/*!40103 SET TIME_ZONE='+00:00' */;
/*!40014 SET @OLD_UNIQUE_CHECKS=@@UNIQUE_CHECKS, UNIQUE_CHECKS=0 */;
/*!40014 SET @OLD_FOREIGN_KEY_CHECKS=@@FOREIGN_KEY_CHECKS, FOREIGN_KEY_CHECKS=0 */;
/*!40101 SET @OLD_SQL_MODE=@@SQL_MODE, SQL_MODE='NO_AUTO_VALUE_ON_ZERO' */;
/*!40111 SET @OLD_SQL_NOTES=@@SQL_NOTES, SQL_NOTES=0 */;

--
-- Table structure for table `award_projects`
--

DROP TABLE IF EXISTS `award_projects`;
/*!40101 SET @saved_cs_client     = @@character_set_client */;
/*!40101 SET character_set_client = utf8 */;
CREATE TABLE `award_projects` (
  `id` int(11) NOT NULL AUTO_INCREMENT,
  `lead_id` int(11) NOT NULL,
  `user_id` int(11) NOT NULL,
  PRIMARY KEY (`id`)
) ENGINE=InnoDB DEFAULT CHARSET=latin1;
/*!40101 SET character_set_client = @saved_cs_client */;

--
-- Dumping data for table `award_projects`
--

LOCK TABLES `award_projects` WRITE;
/*!40000 ALTER TABLE `award_projects` DISABLE KEYS */;
/*!40000 ALTER TABLE `award_projects` ENABLE KEYS */;
UNLOCK TABLES;

--
-- Table structure for table `clients`
--

DROP TABLE IF EXISTS `clients`;
/*!40101 SET @saved_cs_client     = @@character_set_client */;
/*!40101 SET character_set_client = utf8 */;
CREATE TABLE `clients` (
  `id` int(8) unsigned NOT NULL AUTO_INCREMENT,
  `first_name` varchar(64) NOT NULL,
  `last_name` varchar(64) NOT NULL,
  `email` varchar(128) NOT NULL,
  `company` varchar(256) NOT NULL,
  `phone` varchar(32) NOT NULL,
  `skype` varchar(32) NOT NULL,
  `google` varchar(32) NOT NULL,
  `yahoo` varchar(32) NOT NULL,
  `hotmail` varchar(32) NOT NULL,
  `modifed` bigint(10) NOT NULL,
  `created` bigint(10) NOT NULL,
  PRIMARY KEY (`id`)
) ENGINE=InnoDB DEFAULT CHARSET=latin1;
/*!40101 SET character_set_client = @saved_cs_client */;

--
-- Dumping data for table `clients`
--

LOCK TABLES `clients` WRITE;
/*!40000 ALTER TABLE `clients` DISABLE KEYS */;
/*!40000 ALTER TABLE `clients` ENABLE KEYS */;
UNLOCK TABLES;

--
-- Table structure for table `entries`
--

DROP TABLE IF EXISTS `entries`;
/*!40101 SET @saved_cs_client     = @@character_set_client */;
/*!40101 SET character_set_client = utf8 */;
CREATE TABLE `entries` (
  `id` bigint(16) unsigned NOT NULL AUTO_INCREMENT,
  `user_id` int(8) unsigned NOT NULL,
  `type` int(2) unsigned NOT NULL DEFAULT '1' COMMENT '1 => login, 2 => logout',
  `timestamp` int(10) unsigned NOT NULL,
  `modified` int(10) unsigned NOT NULL,
  `created` int(10) unsigned NOT NULL,
  PRIMARY KEY (`id`)
) ENGINE=InnoDB AUTO_INCREMENT=63 DEFAULT CHARSET=utf8;
/*!40101 SET character_set_client = @saved_cs_client */;

--
-- Dumping data for table `entries`
--

LOCK TABLES `entries` WRITE;
/*!40000 ALTER TABLE `entries` DISABLE KEYS */;
INSERT INTO `entries` VALUES (14,2,1,1358777474,1358777474,1358777474),(15,2,2,1358777499,1358777499,1358777499),(16,2,1,1358777527,1358777527,1358777527),(17,2,2,1358777535,1358777535,1358777535),(18,2,1,1358777617,1358777617,1358777617),(19,2,2,1358777633,1358777633,1358777633),(20,2,1,1358777706,1358777706,1358777706),(21,2,2,1358777728,1358777728,1358777728),(22,2,1,1358828019,1358828019,1358828019),(23,2,2,1358829911,1358829911,1358829911),(24,2,1,1358827019,1358829938,1358829938),(25,2,2,1358920868,1358920868,1358920868),(26,2,1,1358920873,1358920873,1358920873),(27,2,2,1359435135,1359435136,1359435136),(28,2,1,1359435143,1359435143,1359435143),(29,2,2,1359529962,1359529962,1359529962),(30,2,1,1363776690,1363776690,1363776690),(31,2,2,1364301433,1364301433,1364301433),(32,2,1,1364301437,1364301437,1364301437),(33,4,1,1364472472,1364472472,1364472472),(34,2,2,1364473340,1364473340,1364473340),(35,2,1,1364473359,1364473359,1364473359),(36,2,2,1404821581,1404821581,1404821581),(37,2,1,1404821591,1404821591,1404821591),(38,2,2,1404821602,1404821602,1404821602),(39,2,1,1405008706,1405008706,1405008706),(40,2,2,1405008713,1405008713,1405008713),(41,2,1,1405008938,1405008938,1405008938),(42,2,2,1405333083,1405333083,1405333083),(43,2,1,1405333087,1405333087,1405333087),(44,2,2,1407258924,1407258924,1407258924),(45,2,1,1407258962,1407258962,1407258962),(46,2,2,1407427617,1407427617,1407427617),(47,2,1,1408249649,1408249649,1408249649),(48,4,2,1408250873,1408250873,1408250873),(49,5,1,1408347398,1408347398,1408347398),(50,2,2,1418033270,1418033270,1418033270),(51,2,1,1418033754,1418033754,1418033754),(52,6,1,1418038970,1418038970,1418038970),(53,2,2,1418101476,1418101476,1418101476),(54,2,1,1418101496,1418101496,1418101496),(55,2,2,1418116047,1418116047,1418116047),(56,2,1,1418116056,1418116056,1418116056),(57,2,2,1418116107,1418116107,1418116107),(58,2,1,1418116171,1418116171,1418116171),(59,2,2,1418116196,1418116196,1418116196),(60,2,1,1418116204,1418116204,1418116204),(61,2,2,1418118855,1418118855,1418118855),(62,2,1,1418365113,1418365113,1418365113);
/*!40000 ALTER TABLE `entries` ENABLE KEYS */;
UNLOCK TABLES;

--
-- Table structure for table `groups`
--

DROP TABLE IF EXISTS `groups`;
/*!40101 SET @saved_cs_client     = @@character_set_client */;
/*!40101 SET character_set_client = utf8 */;
CREATE TABLE `groups` (
  `id` int(8) unsigned NOT NULL AUTO_INCREMENT,
  `name` varchar(16) NOT NULL,
  `active` int(2) unsigned NOT NULL DEFAULT '3',
  PRIMARY KEY (`id`)
) ENGINE=InnoDB AUTO_INCREMENT=5 DEFAULT CHARSET=utf8;
/*!40101 SET character_set_client = @saved_cs_client */;

--
-- Dumping data for table `groups`
--

LOCK TABLES `groups` WRITE;
/*!40000 ALTER TABLE `groups` DISABLE KEYS */;
INSERT INTO `groups` VALUES (1,'Admin',1),(2,'Manager',1),(3,'User',1),(4,'Sales',1);
/*!40000 ALTER TABLE `groups` ENABLE KEYS */;
UNLOCK TABLES;

--
-- Table structure for table `lead_categories`
--

DROP TABLE IF EXISTS `lead_categories`;
/*!40101 SET @saved_cs_client     = @@character_set_client */;
/*!40101 SET character_set_client = utf8 */;
CREATE TABLE `lead_categories` (
  `id` int(11) NOT NULL AUTO_INCREMENT,
  `name` varchar(250) NOT NULL,
  `parent_id` int(11) NOT NULL,
  `status` int(11) NOT NULL DEFAULT '1',
  PRIMARY KEY (`id`)
) ENGINE=InnoDB AUTO_INCREMENT=27 DEFAULT CHARSET=latin1;
/*!40101 SET character_set_client = @saved_cs_client */;

--
-- Dumping data for table `lead_categories`
--

LOCK TABLES `lead_categories` WRITE;
/*!40000 ALTER TABLE `lead_categories` DISABLE KEYS */;
INSERT INTO `lead_categories` VALUES (1,'Web Development ',0,1),(2,' Web Programming',1,1),(3,' Web Design',1,1),(4,'Networking & Information Systems ',0,1),(5,' Network Administration',4,1),(6,' Ecommerce',1,1),(7,' Other - Web Development',1,1),(8,'Writing & Translation ',0,1),(9,' Other - Writing & Translation',8,1),(10,'Software Development ',0,1),(11,' Scripts & Utilities',10,1),(12,' Website Content',8,1),(13,'Sales & Marketing ',0,1),(14,' Market Research & Surveys',13,1),(15,' Website QA',1,1),(16,' Website Project Management',1,1),(17,' Server Administration',4,1),(18,'Administrative Support ',0,1),(19,' Other - Administrative Support',18,1),(20,' Software Plug-ins',10,1),(21,' Other - Software Development',10,1),(22,'IT &amp; Programming ',0,1),(23,' Blog Programming',22,1),(24,' Website Design',22,1),(25,' Web Programming',22,1),(26,' Other IT &amp; Programming',22,1);
/*!40000 ALTER TABLE `lead_categories` ENABLE KEYS */;
UNLOCK TABLES;

--
-- Table structure for table `lead_views`
--

DROP TABLE IF EXISTS `lead_views`;
/*!40101 SET @saved_cs_client     = @@character_set_client */;
/*!40101 SET character_set_client = utf8 */;
CREATE TABLE `lead_views` (
  `id` int(11) NOT NULL AUTO_INCREMENT,
  `user_id` int(11) NOT NULL,
  `lead_id` int(11) NOT NULL,
  `viewed` int(11) NOT NULL DEFAULT '2' COMMENT '1=viewed,2=not view',
  `bid_status` int(11) NOT NULL DEFAULT '1',
  PRIMARY KEY (`id`)
) ENGINE=InnoDB AUTO_INCREMENT=17 DEFAULT CHARSET=latin1;
/*!40101 SET character_set_client = @saved_cs_client */;

--
-- Dumping data for table `lead_views`
--

LOCK TABLES `lead_views` WRITE;
/*!40000 ALTER TABLE `lead_views` DISABLE KEYS */;
INSERT INTO `lead_views` VALUES (1,5,1,1,5),(2,5,2,2,4),(3,5,4,2,3),(4,5,3,2,3),(5,6,5,1,5),(6,6,1,1,3),(7,6,2,1,1),(8,5,7,1,1),(9,6,10,2,5),(10,5,8,2,4),(11,5,6,2,2),(12,5,51,2,2),(13,5,58,2,4),(14,5,59,2,4),(15,7,2,2,2),(16,2,2,2,4);
/*!40000 ALTER TABLE `lead_views` ENABLE KEYS */;
UNLOCK TABLES;

--
-- Table structure for table `leads`
--

DROP TABLE IF EXISTS `leads`;
/*!40101 SET @saved_cs_client     = @@character_set_client */;
/*!40101 SET character_set_client = utf8 */;
CREATE TABLE `leads` (
  `id` int(10) NOT NULL AUTO_INCREMENT,
  `uid` varchar(16) NOT NULL,
  `link` text NOT NULL,
  `title` text NOT NULL,
  `description` text NOT NULL,
  `budget_amount` decimal(16,2) NOT NULL,
  `budget_text` varchar(150) NOT NULL DEFAULT '$0',
  `posted_on` varchar(150) NOT NULL,
  `category_id` int(11) NOT NULL,
  `country_id` int(11) NOT NULL,
  `published_date` varchar(128) NOT NULL,
  `source` int(4) NOT NULL COMMENT 'array( 	1 => ''oDesk'', 2 => ''Elance'',3=>"private")',
  `status` int(4) NOT NULL DEFAULT '1' COMMENT '1=>Open bid, 2 => Placed, 3 => declined, 4 => Response received, 5 => Project start',
  `reply` text NOT NULL,
  `active` int(3) NOT NULL DEFAULT '1',
  `deleted` int(3) NOT NULL DEFAULT '0',
  `user_id` int(11) NOT NULL,
  `type` int(11) NOT NULL DEFAULT '1' COMMENT '1=>default,2=>private',
  `modified` int(11) NOT NULL,
  `created` int(11) NOT NULL,
  PRIMARY KEY (`id`),
  KEY `uid` (`uid`)
) ENGINE=InnoDB AUTO_INCREMENT=112 DEFAULT CHARSET=utf8;
/*!40101 SET character_set_client = @saved_cs_client */;

--
-- Dumping data for table `leads`
--

LOCK TABLES `leads` WRITE;
/*!40000 ALTER TABLE `leads` DISABLE KEYS */;
INSERT INTO `leads` VALUES (1,'204414557','https://www.odesk.com/jobs/LAMP-Expert_%7E01d5d2fae8498f53e0?source=rss','LAMP Expert - oDesk','We are looking for a developer that is comfortable with all aspects of Using LAMP.<br />\n<br />\nKnowing PHP MYSQL and Apache is important also having some Linux Administration (Red Hat) is also important <br />\n<br />\nwe have a website that was built suing plain PHP (no frameworks) and we also need the person to be able to understand and work with bootstrap.<br /><br /><b>Posted On</b>: August 18, 2014 10:11 UTC<br /><b>ID</b>: 204414557<br /><b>Category</b>: Web Development &gt; Web Programming<br /><b>Skills</b>: Array, Array, Array, Array, Array, Array, Array, Array, Array<br /><b>Country</b>: United States<br /><a href=\"https://www.odesk.com/jobs/LAMP-Expert_%7E01d5d2fae8498f53e0?source=rss\">click to apply</a>',0.00,'','August 18, 2014 10:11 UTC',2,0,'Mon, 18 Aug 2014 10:11:43 +0000',1,5,'',1,0,0,1,1408626537,0),(2,'204414547','https://www.odesk.com/jobs/Need-assistant-for-various-complex-projects_%7E016586846d737bd93d?source=rss','Need an assistant for various complex projects. - oDesk','Need a web developer. Having good knowledge of core php(must), wordpress, joomla. Who is flexible to work in day and night shifts.<br />\n<br />\nIf you are ready for a test only then apply.<br />\n<br />\nhrly price must be 2usd or less than that. If you are looking for higher prices then please don&#039;t apply.<br /><br /><b>Posted On</b>: August 18, 2014 10:09 UTC<br /><b>ID</b>: 204414547<br /><b>Category</b>: Web Development &gt; Web Programming<br /><b>Skills</b>: Array, Array, Array, Array, Array, Array, Array<br /><b>Country</b>: India<br /><a href=\"https://www.odesk.com/jobs/Need-assistant-for-various-complex-projects_%7E016586846d737bd93d?source=rss\">click to apply</a>',0.00,'','August 18, 2014 10:09 UTC',2,0,'Mon, 18 Aug 2014 10:09:36 +0000',1,5,'',1,0,0,1,1408619598,0),(3,'204414538','https://www.odesk.com/jobs/Opencart-Responsive-Theme-CSS-Changes_%7E016fae45a64e99370c?source=rss','Opencart - Responsive Theme - CSS Changes - oDesk','Hi<br />\n<br />\nThis is my website - <a href=\"https://www.odesk.com/leaving-odesk?ref=http%3A%2F%2Fwww.fashionablehijabs.co.uk%2F\" title=\"You are about to go to a URL outside odesk.com\" target=\"_blank\">http://www.fashionablehijabs.co.uk/</a><br />\n<br />\nOn the PC version <br />\nAt the top I want Facebook and Instagram images adding (which links back to FB and IG).<br />\n<br />\nOn the mobile version<br />\n - At the top I want Facebook and Instagram images adding (which links back to FB and IG).<br />\n- The cart total over laps the logo, this needs fixing<br />\n- The menu navigation needs moving down and made more visible<br />\n- I want the product image slightly bigger and have the image, title and price centre aligned<br />\n- On the blog page the seach bar is not aligned correctly this needs fixing.<br />\n<br />\nIf you look at the mobile site for <a href=\"https://www.odesk.com/leaving-odesk?ref=http%3A%2F%2Fwww.hijabjunkie.com.\" title=\"You are about to go to a URL outside odesk.com\" target=\"_blank\">www.hijabjunkie.com.</a> I want all the above to look the same as there&#039;s.<br />\n<br />\nThanks<br /><br /><b>Budget</b>: $25<br /><b>Posted On</b>: August 18, 2014 10:07 UTC<br /><b>ID</b>: 204414538<br /><b>Category</b>: Web Development &gt; Web Design<br /><b>Skills</b>: Array, Array, Array, Array, Array, Array<br /><b>Country</b>: United Kingdom<br /><a href=\"https://www.odesk.com/jobs/Opencart-Responsive-Theme-CSS-Changes_%7E016fae45a64e99370c?source=rss\">click to apply</a>',25.00,'$25','August 18, 2014 10:07 UTC',3,0,'Mon, 18 Aug 2014 10:07:50 +0000',1,5,'',1,0,0,1,1408609023,0),(4,'204414528','https://www.odesk.com/jobs/Multi-homing-configuration-virtual-machine-esxi-vmware_%7E019dca6bf28ade55dc?source=rss','Multi-homing configuration on a virtual machine esxi vmware - oDesk','We have OVH servers.<br />\nOur servers are managed thanks to VMware vcenter.<br />\nFor one VM on one server working with Centos 6, we need to configure multi ips for one magento site. Each ip corresponds to a domain managed by the same magento back end. The problem is that OVH only supports one configuration. Our main ip is working but the other ips are not working with the configuration provided by OVH. We tried other configurations but we received email from OVH which blocked the ips (too much ARP requests on network). We must find a solution to get them working knowing that WHM is installed on this server but we almost dont use it (except for easy apache).<br />\nIps are well configured in vmware (one mac for one ip, one nic one ip).<br />\nYou can find details in French here : <a href=\"https://www.odesk.com/leaving-odesk?ref=http%3A%2F%2Fforum.ovh.com%2Fshowthread.php%3F99347-Probl%25E8me-configuration-ip-multiples-sur-une-vm-esxi\" title=\"You are about to go to a URL outside odesk.com\" target=\"_blank\">http://forum.ovh.com/showthread.php?99347-Probl%E8me-configuration-ip-multiples-sur-une-vm-esxi</a>.<br />\nThanks<br /><br /><b>Posted On</b>: August 18, 2014 10:05 UTC<br /><b>ID</b>: 204414528<br /><b>Category</b>: Networking & Information Systems &gt; Network Administration<br /><b>Skills</b>: Array, Array, Array<br /><b>Country</b>: <br /><a href=\"https://www.odesk.com/jobs/Multi-homing-configuration-virtual-machine-esxi-vmware_%7E019dca6bf28ade55dc?source=rss\">click to apply</a>',0.00,'','August 18, 2014 10:05 UTC',5,0,'Mon, 18 Aug 2014 10:05:44 +0000',1,3,'',1,0,0,1,1408607664,0),(5,'204414491','https://www.odesk.com/jobs/Museumtickets_%7E017bb48fa915573537?source=rss','Museumtickets - oDesk','Work to be done:<br />\nRegistration-user name and password with email verification<br />\nAdded different user identity e.g. administrator, staff<br />\nThe museum should have access to a form to enter the information to be published online [museumtickets.nl]<br />\nWhen the form is send we should received a mail to inform us that a new museum or tourist attraction propose to join museumtickets.<br />\nAfter we verified the content we authorized to publish.<br />\nWe did like to increase the quality of the website by included automatic system where the museums will enter themselves their content, pricing ect.<br />\nIdeal would be that the e-tickets are also formed automatically.<br />\nI have included a link <a href=\"https://www.odesk.com/leaving-odesk?ref=http%3A%2F%2Fwww.museumtickets.nl%2F%3Fpage_id%3D11495%26lang%3Dnl\" title=\"You are about to go to a URL outside odesk.com\" target=\"_blank\">http://www.museumtickets.nl/?page_id=11495&amp;lang=nl</a> what we have done so far, marco is our designer [not a programer] that why we share this requests with you.<br />\nFor your information we are a start up with limited budget.<br /><br /><b>Budget</b>: $300<br /><b>Posted On</b>: August 18, 2014 09:56 UTC<br /><b>ID</b>: 204414491<br /><b>Category</b>: Web Development &gt; Ecommerce<br /><b>Skills</b>: Array, Array<br /><b>Country</b>: Netherlands<br /><a href=\"https://www.odesk.com/jobs/Museumtickets_%7E017bb48fa915573537?source=rss\">click to apply</a>',300.00,'$300','August 18, 2014 09:56 UTC',6,0,'Mon, 18 Aug 2014 09:56:22 +0000',1,5,'',1,0,0,1,1408633277,0),(6,'204414466','https://www.odesk.com/jobs/Need-Website-for-line-Electronic-Medical-Records_%7E017600369c7049268e?source=rss','Need Website for On-line Electronic Medical Records - oDesk','Hello,<br />\n<br />\nI need a website that completely functions like <a href=\"https://www.odesk.com/leaving-odesk?ref=https%3A%2F%2Fwww.patientfusion.com%2F\" title=\"You are about to go to a URL outside odesk.com\" target=\"_blank\">https://www.patientfusion.com/</a> but with different design, though similarity is key. Please critically look at it and understand the concept. Design could be different but the functionality, layout, precision, etc should be the same.<br />\n<br />\nThere are 3 areas: <br />\n1) Unregistered user who can only view the front and do simple search of Doctors, etc, as well as making simple inquiries.<br />\n2) The Patient area with the login at <a href=\"https://www.odesk.com/leaving-odesk?ref=https%3A%2F%2Fmy.patientfusion.com\" title=\"You are about to go to a URL outside odesk.com\" target=\"_blank\">https://my.patientfusion.com</a>. I will provide full access to view areas to selected candidate.<br />\n3) The Doctor login with access to all patients under a specified Doctor.<br />\n<br />\nSome of the Key Areas of this Website Include:<br />\n- A Dash board with:<br />\n- View of health records area (Diagnosis, Medications, Allergies, Immunizations, care plans, visits, etc)<br />\n- Appointments and Initial chat with assigned Doctor<br />\n- Profile of patient<br />\n- Current outstanding Fees (Consultancy)<br />\n- Option to download records.<br />\n<br />\nAlso, this should as well be applied to a mobile phone (Iphone, Android) in form of an APP or something (Can be discussed later)<br />\n<br />\nIts The Doctor that assigns the patient and then overall, a back-end for Website Administrator to manage all records (Doctors, Patients, Info,)<br />\n<br />\nThis Job calls for a Team or person with special skills to detailed attention and specialty in Design. ONLY apply if you can achieve this.<br />\n<br />\nHappy Bidding!!<br /><br /><b>Budget</b>: $500<br /><b>Posted On</b>: August 18, 2014 09:46 UTC<br /><b>ID</b>: 204414466<br /><b>Category</b>: Web Development &gt; Web Programming<br /><b>Skills</b>: Array, Array<br /><b>Country</b>: United States<br /><a href=\"https://www.odesk.com/jobs/Need-Website-for-line-Electronic-Medical-Records_%7E017600369c7049268e?source=rss\">click to apply</a>',500.00,'$500','August 18, 2014 09:46 UTC',2,0,'Mon, 18 Aug 2014 09:46:07 +0000',1,1,'',1,0,0,1,1408527981,0),(7,'204414441','https://www.odesk.com/jobs/Joomla-Jomsocal-website-Update_%7E0125983335c814f5cb?source=rss','Joomla/Jomsocal website Update - oDesk','Hi <br />\nI have a joomla/jomsocal site with about 1000 members that needs updating to the latest Joomla 3 and Jomsocial.<br />\n<br />\n1) currently running Joomla 1.5.23 - update to Joomla 3.x<br />\n2) currently running jomsocial 2.2.4 - I have a jomsocial license for the latest version) <br />\n3) needs a template updating and adding for mobile phone access (I can purchase a suitable mobile template) <br />\n<br />\nThere are a couple of other joomla modules running (e.g. MyBlog, jomcomment, group activities, activity comments) that need if possible updating/combining.&nbsp;&nbsp;<br />\n<br />\nThis is for an adult interest website (non pornographic) <br />\n<br />\nThere is no fixed start/end dates other than to minimise website down time.&nbsp;&nbsp;I have root access to the host server, which has just been updated to the latest apache/mysql/php and so I can now run Joomla 3!<br />\n<br />\nI would propose that I set up a copy site and practice on this to get the updates working before updating the main site.<br />\n<br />\nThanks<br /><br /><b>Budget</b>: $160<br /><b>Posted On</b>: August 18, 2014 09:39 UTC<br /><b>ID</b>: 204414441<br /><b>Category</b>: Web Development &gt; Other - Web Development<br /><b>Skills</b>: Array, Array<br /><b>Country</b>: United Kingdom<br /><a href=\"https://www.odesk.com/jobs/Joomla-Jomsocal-website-Update_%7E0125983335c814f5cb?source=rss\">click to apply</a>',160.00,'$160','August 18, 2014 09:39 UTC',7,0,'Mon, 18 Aug 2014 09:39:10 +0000',1,1,'',1,0,0,1,1408527071,0),(8,'204414402','https://www.odesk.com/jobs/LEGIT-SITE-MAKE-300-DAY-REGISTRATION-CLOSING-SOON_%7E0155a6416cc5d4797f?source=rss','LEGIT SITE!!!MAKE $300 A DAY!!!!REGISTRATION CLOSING SOON!!! - oDesk','<a href=\"https://www.odesk.com/leaving-odesk?ref=http%3A%2F%2Fwww.freelancesource.com%28COPY\" title=\"You are about to go to a URL outside odesk.com\" target=\"_blank\">www.freelancesource.com(COPY</a> AND PASTE)<br />\n<br />\nEveryone is Welcome!!!!!<br />\nUnlimited Job Positions!!!!!!<br />\nAnyone can Join!!!!!!!<br />\nNo Experience required!!!!!!!<br />\nInstant Account Setup and Money Making!!!!!<br />\n<br />\n<a href=\"https://www.odesk.com/leaving-odesk?ref=http%3A%2F%2Fwww.freelance-source.com\" title=\"You are about to go to a URL outside odesk.com\" target=\"_blank\">www.freelance-source.com</a><br />\n<br />\n========INSTANT JOB ACCOUNT SETUP AND GET PAID FOR YOUR WORK===== ===WE HAVE BULK PROJECTS AND YOU WILL NEVER BID SO AS TO BEGIN JOB====<br />\n==========SELECT PROJECTS YOU CAN HANDLE AND GET PAID DAILY==========<br />\n<br />\nWE GUARANTEE YOU THAT YOU WILL EARN UP TO $300 IN YOUR FIRST DAY BY SIMPLE TASKS OF 8-24 HOURS<br />\n<br />\n<br />\n<br />\nPROGRAM BREAKDOWN:<br />\n<br />\nARTICLE WRITING<br />\n100words-$4<br />\n250 words-$8<br />\n450 Words-$12<br />\n<br />\nDATA ENTRY i)<br />\nTyping - $ 1/100 Words (e.g typing 10000 words a day would earn you $100)<br />\nii) Captcha typing - $ 0.2 per Captcha (e.g typing 1000 captchas a day<br />\nwould earn you $200)<br />\n<br />\nOther projects in Bulk. Current statistics:<br />\n<br />\nWebsite Design (23839)<br />\n<br />\nGraphic Design (17301)<br />\n<br />\nWordpress (21288)<br />\n<br />\nPHP (30613)<br />\n<br />\nLogo Design (14229)<br />\n<br />\nMySQL (22507)<br />\n<br />\nSoftware Devt (11813)<br />\n<br />\niphone (6171)<br />\n<br />\nCSS (9329)<br />\n<br />\nHTML (27156)<br />\n<br />\nHTML5 (3209)<br />\n<br />\nSoftware Arch (7736)<br />\n<br />\nMobile Phones (13461)<br />\n<br />\nFacebook (23144)<br />\n<br />\nJoomla (17382)<br />\n<br />\nJava Script (11804)<br />\n<br />\nInternet Marketing (27623)<br />\n<br />\nArticles (34629)<br />\n<br />\nArticle Rewriting (22417)<br />\n<br />\nAcademic Writing (12031)<br />\n<br />\nBlog (14669)<br />\n<br />\nBook Writing (1240)<br />\n<br />\neBooks (2367)<br />\n<br />\nEditing (17061)<br />\n<br />\nGhostwriting (4758)<br />\n<br />\nPoetry (917)<br />\n<br />\nPowerpoint (1261)<br />\n<br />\nProofreading (19023)<br />\n<br />\nResearch (1504)<br />\n<br />\nReviews (4922)<br />\n<br />\nTechnical Writing (2958)<br />\n<br />\nTranslation (5138)<br />\n<br />\nData Entry (58042)<br />\n<br />\nCaptcha Typing (89203)<br />\n<br />\nData Processing (27919)<br />\n<br />\nShort Form Filling (41577)<br />\n<br />\nProd Description (31437)<br />\n<br />\nLong Form Filling (33094)<br />\n<br />\nCopy Typing (16121)<br />\n<br />\nCopywriting (12893)<br />\n<br />\nAd Posting (7821)<br />\n<br />\nXXX (827)<br />\n<br />\nVirtual Assistant (991)<br />\n<br />\nVideo Upload (3619)<br />\n<br />\nCustomer Support (1372)<br />\n<br />\nExcel (14853)<br />\n<br />\nWELCOME!!!!!!<br />\nJob Overview<br />\nType Hourly<br />\nWorkload As needed - Less than 10 hrs/week<br />\nDuration More than 6 months<br />\nPosted July 10 2014, 11:14 AM<br />\nPlanned Start July 10 2014<br />\nDelivery Date July 10 2014<br />\nVisibility Public<br />\nCategory Administrative Support<br />\nSub-category Other - Administrative Support<br /><br /><b>Posted On</b>: August 18, 2014 09:27 UTC<br /><b>ID</b>: 204414402<br /><b>Category</b>: Writing & Translation &gt; Other - Writing & Translation<br /><b>Skills</b>: Array, Array, Array, Array, Array, Array, Array, Array, Array, Array, Array, Array, Array, Array, Array, Array, Array, Array, Array, Array<br /><b>Country</b>: <br /><a href=\"https://www.odesk.com/jobs/LEGIT-SITE-MAKE-300-DAY-REGISTRATION-CLOSING-SOON_%7E0155a6416cc5d4797f?source=rss\">click to apply</a>',0.00,'','August 18, 2014 09:27 UTC',9,0,'Mon, 18 Aug 2014 09:27:08 +0000',1,1,'',1,0,0,1,1408460994,0),(9,'204414399','https://www.odesk.com/jobs/One-5Page-Base-Website_%7E01d1d2469caf0371ee?source=rss','One 5Page Base Website - oDesk','One 5Page Base Website.Don&#039;t Use any Template.<br /><br /><b>Budget</b>: $320<br /><b>Posted On</b>: August 18, 2014 09:26 UTC<br /><b>ID</b>: 204414399<br /><b>Category</b>: Web Development &gt; Web Programming<br /><b>Skills</b>: Array, Array<br /><b>Country</b>: <br /><a href=\"https://www.odesk.com/jobs/One-5Page-Base-Website_%7E01d1d2469caf0371ee?source=rss\">click to apply</a>',320.00,'$320','August 18, 2014 09:26 UTC',2,0,'Mon, 18 Aug 2014 09:26:33 +0000',1,1,'',1,0,0,1,1408527174,0),(10,'204414380','https://www.odesk.com/jobs/Python-Developer-for-Script-work_%7E0153600664f0673606?source=rss','Python Developer for Script work - oDesk','I need assistance with a code script that is mainly written in Python. Need someone to help create some script within this package. Your role would include helping to test and work on new script. You must be able to solve problems in Python and have enough experience with the language to be able to make suitable code suggestion.<br /><br /><b>Budget</b>: $500<br /><b>Posted On</b>: August 18, 2014 09:21 UTC<br /><b>ID</b>: 204414380<br /><b>Category</b>: Software Development &gt; Scripts & Utilities<br /><b>Skills</b>: Array, Array, Array, Array<br /><b>Country</b>: United Kingdom<br /><a href=\"https://www.odesk.com/jobs/Python-Developer-for-Script-work_%7E0153600664f0673606?source=rss\">click to apply</a>',500.00,'$500','August 18, 2014 09:21 UTC',11,0,'Mon, 18 Aug 2014 09:21:31 +0000',1,5,'',1,0,0,1,1408633348,0),(11,'204414294','https://www.odesk.com/jobs/Convert-iosSlider-script-support-RTL_%7E0139e82995e402e5dd?source=rss','Convert iosSlider script to support RTL - oDesk','Hello. My name is Ruslan. I am trying to convert wordpress theme to support RTL(right to left) and I have one problem. Thar is the gallery script that I need to convert to RTL. You can see that here. <br />\n<br />\n<a href=\"https://www.odesk.com/leaving-odesk?ref=http%3A%2F%2Ftest.wpgeek.co.il%2Fflat%2F%3Fpage_id%3D650\" title=\"You are about to go to a URL outside odesk.com\" target=\"_blank\">http://test.wpgeek.co.il/flat/?page_id=650</a><br />\n<br />\nRight now it&#039;s going from left to right and also arranges the blocks from left to right. and I need that it will do it from right to left. Can you do that for me? If yes how much it will cost? <br />\n<br />\nThank you.<br /><br /><b>Budget</b>: $15<br /><b>Posted On</b>: August 18, 2014 08:52 UTC<br /><b>ID</b>: 204414294<br /><b>Category</b>: Web Development &gt; Web Programming<br /><b>Skills</b>: Array, Array, Array, Array, Array<br /><b>Country</b>: Israel<br /><a href=\"https://www.odesk.com/jobs/Convert-iosSlider-script-support-RTL_%7E0139e82995e402e5dd?source=rss\">click to apply</a>',15.00,'$15','August 18, 2014 08:52 UTC',2,0,'Mon, 18 Aug 2014 08:52:18 +0000',1,1,'',1,0,0,1,1408446949,0),(12,'204414284','https://www.odesk.com/jobs/Node-developer_%7E017ddfb950bd6f288c?source=rss','Node.js developer - oDesk','Looking for an experienced Node.js developer. 3+ months, 40 hours a week, remote work. <br />\nRequirements:<br />\n- 5+ years of experience with JavaScript and/or PHP;<br />\n- 2+ years of experience with node.js<br />\n- Good spoken English<br />\n<br />\nPlease apply with a CV with completed projects description. Thanks!<br /><br /><b>Posted On</b>: August 18, 2014 08:50 UTC<br /><b>ID</b>: 204414284<br /><b>Category</b>: Web Development &gt; Web Programming<br /><b>Skills</b>: Array<br /><b>Country</b>: Ukraine<br /><a href=\"https://www.odesk.com/jobs/Node-developer_%7E017ddfb950bd6f288c?source=rss\">click to apply</a>',0.00,'','August 18, 2014 08:50 UTC',2,0,'Mon, 18 Aug 2014 08:50:19 +0000',1,1,'',1,0,0,1,1408461113,0),(13,'204414260','https://www.odesk.com/jobs/SocialEnginePhp-Customizing-Two-Profile-Pictures_%7E012be94dca7471ac55?source=rss','SocialEnginePhp Customizing Two Profile Pictures - oDesk','I need a plug-in for Social Engine Php that allows my site to have two different profile pictures that slightly overlap one another and brings forward one of the pictures on mouse-over.&nbsp;&nbsp;... ITwo profile pictures display but Five in total in layers, my site to have two different profile pictures that slightly overlap one another and brings forward one of the pictures on mouse-over. When you click either one, it brings you to view the photo in the profile album. Also when mouse over on Picture 1 it comes forward and when mouse over on Picture 2 and so on that picture comes forward. But at default picture 1 is on top.<br />\nThe main components are creating two profile pictures (Profile Picture 1 and Profile Picture 2) this has to be comparable for all search engines. I have attached an example of website and mobile. need a plug-in for Social Engine that allows my site to have two different profile pictures that slightly overlap one another and brings forward one of the pictures on mouse-over. Also when mouse over on Picture 1 it comes forward and when mouse over on Picture 2 that picture comes forward. <br />\nThe main components are creating two profile pictures (Profile Picture 1 and Profile Picture 2) in the software of SocialEngine PHP.<br />\nThis mod has to be comparable with all search engines. <br />\nThe 5 picture are displayed alongside the inform provided of each user info provided on the side of the five main information area,<br />\n<br />\nPlease be able to develop and show progress on your Own server/SE first.<br /><br /><b>Budget</b>: $150<br /><b>Posted On</b>: August 18, 2014 08:45 UTC<br /><b>ID</b>: 204414260<br /><b>Category</b>: Web Development &gt; Web Design<br /><b>Skills</b>: Array<br /><b>Country</b>: United States<br /><a href=\"https://www.odesk.com/jobs/SocialEnginePhp-Customizing-Two-Profile-Pictures_%7E012be94dca7471ac55?source=rss\">click to apply</a>',150.00,'$150','August 18, 2014 08:45 UTC',3,0,'Mon, 18 Aug 2014 08:45:13 +0000',1,1,'',1,0,0,1,1408446975,0),(14,'204414227','https://www.odesk.com/jobs/Adobe-Lightroom-Plug_%7E01c708e6b71ffbfbd6?source=rss','Adobe Lightroom Plug-in - oDesk','Hi I&#039;m looking for a Adobe Lightroom Plug-in development, this plugin should be able to communicate with a wordpress or joomla plugin to be developed.<br />\nIf you can do PHP-MySQL development to do the Online plugin communicating with Lightrrom would be great. Plug have to be connected with Windows, Mac OS. You need to be an experienced developer with many themes behind you.<br /><br /><b>Budget</b>: $1000<br /><b>Posted On</b>: August 18, 2014 08:31 UTC<br /><b>ID</b>: 204414227<br /><b>Category</b>: Web Development &gt; Web Programming<br /><b>Skills</b>: Array, Array, Array, Array, Array<br /><b>Country</b>: United States<br /><a href=\"https://www.odesk.com/jobs/Adobe-Lightroom-Plug_%7E01c708e6b71ffbfbd6?source=rss\">click to apply</a>',1000.00,'$1000','August 18, 2014 08:31 UTC',2,0,'Mon, 18 Aug 2014 08:31:14 +0000',1,1,'',1,0,0,1,1408461172,0),(15,'204414192','https://www.odesk.com/jobs/Web-Responsive-Magazine-RTL_%7E01d36c3aa8ad1d2485?source=rss','Web Responsive Magazine RTL - oDesk','Hi all,<br />\nI would like to design create a Website for CMS very similar to AskMen.com.<br />\nThe website should be Responsive should supprot RTL (All website will be eventually RTL).<br />\nI also would like to get a good admin tool for the CMS (adding articles, photos, videos).<br />\n<br />\nThere should be few types of dynamic pages:<br />\n1. Home - Like Ask.com - Main article and 2/3/4 articles per column. should have the option to share (Faceboook, Twitter, Mail, Save for later).<br />\n2. Article - an Article page should have a Main photo at the top, a title, text, and more optional photos. Also share available.<br />\n3. Top 10 - This page should be a slider of text. not necessarily 10 sliders but as many as I want. with numbering.<br />\n4. Photos - A page with a title and photos like thumblr and each photo will have an option for text over the photo and if I click on the photo, it will be enlarged and the text will be label below.<br />\n5. Video Page - Title, Video frame, Text.<br />\n6. Blogs section. Including rating system.<br />\n7. Sign up via Facebook or with E-mail. <br />\n<br />\nThe site should have also &quot;About&quot; and some static pages.<br />\n<br />\nYour first word for your offer should be Penguin. all others offers will be ignroed !<br />\n<br />\nTechbologies: <br />\n-HTML5<br />\n-CSS3<br />\n-Bootstrap 3.2<br />\n-Jquery<br />\n-php 5 (or any other server coding)<br />\n-MySQL/PostgreSQL<br />\n<br />\nExpectations:<br />\n - Candidate will communicate in fluent English<br />\n - Candidate shoudl have a lot of web diesign experience and coding from scratch - must have examples!<br />\n - Candidate is familiar with GIT and Github<br />\n - Candidate is proficient in using Bootstrap<br />\n <br />\nPlease take another careful look at AskMen.com and contact me if you can make a responsive web magazine like that. RTL of course.<br />\nPlease provide examples !<br /><br /><b>Budget</b>: $1000<br /><b>Posted On</b>: August 18, 2014 08:17 UTC<br /><b>ID</b>: 204414192<br /><b>Category</b>: Web Development &gt; Web Programming<br /><b>Skills</b>: Array, Array, Array, Array, Array, Array, Array<br /><b>Country</b>: <br /><a href=\"https://www.odesk.com/jobs/Web-Responsive-Magazine-RTL_%7E01d36c3aa8ad1d2485?source=rss\">click to apply</a>',1000.00,'$1000','August 18, 2014 08:17 UTC',2,0,'Mon, 18 Aug 2014 08:17:02 +0000',1,1,'',1,0,0,1,1408461253,0),(16,'204414189','https://www.odesk.com/jobs/Optimazing-loading-time-for-mobile-lander_%7E01ee7c52a521fa7306?source=rss','Optimazing loading time for mobile lander - oDesk','HI,<br />\n<br />\ni would like you to optimize my simple mobile lander which now is realy slow performer it opens in 2.36 s. It&nbsp;&nbsp;needs to go way under 1s. You can delate or do what ever you want till the shape of lander stays the same.<br />\n<br />\nI will give you file to optimize site, I will pay when results will be showen on <a href=\"https://www.odesk.com/leaving-odesk?ref=http%3A%2F%2Ftools.pingdom.com%2Ffpt%2F\" title=\"You are about to go to a URL outside odesk.com\" target=\"_blank\">http://tools.pingdom.com/fpt/</a> (test from Amsterdam).<br />\n<br />\nIf you have any questions don&#039;t hestite to ask.<br />\n<br />\nI need this to be done as quick as possible.Today of course.<br />\nWhen replaying say &quot;READ&quot; in title<br />\n<br />\n<br />\nbest regards,<br />\n<br />\njasa<br /><br /><b>Budget</b>: $10<br /><b>Posted On</b>: August 18, 2014 08:16 UTC<br /><b>ID</b>: 204414189<br /><b>Category</b>: Web Development &gt; Web Programming<br /><b>Skills</b>: Array, Array, Array<br /><b>Country</b>: Slovenia<br /><a href=\"https://www.odesk.com/jobs/Optimazing-loading-time-for-mobile-lander_%7E01ee7c52a521fa7306?source=rss\">click to apply</a>',10.00,'$10','August 18, 2014 08:16 UTC',2,0,'Mon, 18 Aug 2014 08:16:17 +0000',1,1,'',1,0,0,1,1408461538,0),(17,'204414164','https://www.odesk.com/jobs/PHP-scripts-for-generating-Javascript-picture-gallery_%7E01b0d81f08126ffcbf?source=rss','PHP scripts for generating Javascript picture gallery - oDesk','Looking for a coder who can program in PHP and Javascript to create an online picture gallery generator. I think this is a few hours of coding work for someone familiar with the process, but please feel free to pitch a different price if you feel it&#039;s justified. Also, please be sure to read the specifications here carefully and be sure you have the ability to execute on the tasks. Unfortunately, this job is being posted again because a previous programmer was unable to fulfill the specifications.<br />\n<br />\nAlso, I will not be hiring anyone working through a an outsourcing company. Only individual freelancers please.<br />\n<br />\nThe idea is that users will be given a form where they can enter in a few details, and then upload multiple image files. Those files are then processed and stored on the server in a specific directory. When the images are processed, an email will be sent to a specified address with a link or information sufficent to add the code into the blog or on Blogger, and have the gallery immediately available.<br />\n<br />\nThe interface for uploading and processing images does not have to be attractive or graphical in any way. Only people in administrative positions will see it, so it can be bare bones. However, the resulting Javascript gallery will have to be attractive. Something similar to this:<br />\n<a href=\"https://www.odesk.com/leaving-odesk?ref=http%3A%2F%2Ftympanus.net%2FDevelopment%2FGammaGallery%2F%3Fid%3D1\" title=\"You are about to go to a URL outside odesk.com\" target=\"_blank\">http://tympanus.net/Development/GammaGallery/?id=1</a><br />\n<br />\nThe server side processing must be done entirely in PHP. The generated Javascript gallery can use jQuery or other open source libraries, but there can&#039;t be any logos or brand names or links to other services. The Javascript must be entirely self contained and not reliant on connections to any other servers. The Javascript gallery will be displayed both on a blog on the local server, but also be viewable on Blogger.<br />\n<br />\nSpecific features of this project:<br />\n<br />\n1. Upload form<br />\n - Multiple image file select for upload. Multiple file select means the user can select multiple files from a directory in one dialog box.<br />\n - Images restricted to JPEG or PNG.<br />\n - Input name of uploader<br />\n - Input date field (defaults to today)<br />\n - Input name for title of gallery<br />\n<br />\n2. Server side processing<br />\n -&nbsp;&nbsp;images must be no more than 2 MB in size<br />\n - Confirm no image is smaller than specified minimum height or width (minimum 600px)<br />\n - Reject images too small.<br />\n - Confirm no image exceeds specified maximum width or height. (maximum 1200px)<br />\n - Reduce large images, maintaining aspect ratio<br />\n - Overlay text onto images - date, show, and user name - using specified font (&quot;Impact&quot;, white with 1px black outline)<br />\n - Overlay PNG image of logo on all images. (Example image will be provided)<br />\n - Create subdirectory with gallery related name (directory name must be separate from gallery name, also must be unique for every gallery)<br />\n - Store all images in subdirectory<br />\n - Store any gallery specific Javascrpt or HTML files along with images in same directory<br />\n<br />\n3. Conformation and Captioning<br />\n - Display a confirmation page showing all images.<br />\n - Under each image is a field to add a caption.<br />\n - Display HTML page alerting successful image processing, or any errors<br />\n - HTML page includes code for embedding gallery.<br />\n - Email notification of gallery completion, along with information for embedding to specified email address<br />\n<br />\nAbout Javascript gallery<br />\n - Thumbnail Grid with best fit for responsive design, similar in style to this:<br />\n<a href=\"https://www.odesk.com/leaving-odesk?ref=http%3A%2F%2Ftympanus.net%2FDevelopment%2FGammaGallery%2F%3Fid%3D1\" title=\"You are about to go to a URL outside odesk.com\" target=\"_blank\">http://tympanus.net/Development/GammaGallery/?id=1</a> (thumbnails should be smaller, no more than 100 pixels wide or high). Note that thumbnails retain the same aspect ratio of originals, and fit together.<br />\n - Lightbox effect when clicking on any one image.<br />\n - Able to add to Blogger as well as local blog<br />\n - Images stored on local server.<br /><br /><b>Budget</b>: $80<br /><b>Posted On</b>: August 18, 2014 08:07 UTC<br /><b>ID</b>: 204414164<br /><b>Category</b>: Web Development &gt; Web Programming<br /><b>Skills</b>: Array, Array<br /><b>Country</b>: Japan<br /><a href=\"https://www.odesk.com/jobs/PHP-scripts-for-generating-Javascript-picture-gallery_%7E01b0d81f08126ffcbf?source=rss\">click to apply</a>',80.00,'$80','August 18, 2014 08:07 UTC',2,0,'Mon, 18 Aug 2014 08:07:51 +0000',1,1,'',1,0,0,1,1408461545,0),(18,'204414159','https://www.odesk.com/jobs/PHPfox-Configuration_%7E01a23be5b8d6b81eb1?source=rss','PHPfox Configuration - oDesk','I want an experienced phpfox developer to configure My script.<br />\nIn my default settings, registered users can create pages but cannot update or modify it,&nbsp;&nbsp;it gives &quot;The feature or section you are attempting to use is not permitted with your membership level.&quot;<br />\n<br />\n<br />\n&nbsp;&nbsp;&nbsp;So I need to correct this and need long term support for updations and modifications.<br /><br /><b>Posted On</b>: August 18, 2014 08:06 UTC<br /><b>ID</b>: 204414159<br /><b>Category</b>: Web Development &gt; Web Programming<br /><b>Skills</b>: Array, Array<br /><b>Country</b>: Sri Lanka<br /><a href=\"https://www.odesk.com/jobs/PHPfox-Configuration_%7E01a23be5b8d6b81eb1?source=rss\">click to apply</a>',0.00,'','August 18, 2014 08:06 UTC',2,0,'Mon, 18 Aug 2014 08:06:50 +0000',1,1,'',1,0,0,1,1408461572,0),(19,'204414158','https://www.odesk.com/jobs/Fix-Search-Engine-Bug_%7E0145b55fe46a54e56a?source=rss','Fix Search Engine Bug - oDesk','Hi, I currently have a search engine that gets it&#039;s search results from bing. when a user searches and clicks the load more button, nothing appears. Could you fix this?<br /><br /><b>Budget</b>: $7<br /><b>Posted On</b>: August 18, 2014 08:06 UTC<br /><b>ID</b>: 204414158<br /><b>Category</b>: Web Development &gt; Web Programming<br /><b>Skills</b>: Array, Array, Array, Array, Array<br /><b>Country</b>: United Kingdom<br /><a href=\"https://www.odesk.com/jobs/Fix-Search-Engine-Bug_%7E0145b55fe46a54e56a?source=rss\">click to apply</a>',7.00,'$7','August 18, 2014 08:06 UTC',2,0,'Mon, 18 Aug 2014 08:06:41 +0000',1,1,'',1,0,0,1,1408461595,0),(20,'204414125','https://www.odesk.com/jobs/Advanced-Magento-Programmer_%7E01947eeaaf8c2b33b6?source=rss','Advanced Magento Programmer - oDesk','I have a present site which needs finishing.<br />\nI have all of the designs in PSD and Jpeg.<br />\nThere is also some programming.<br />\nPlease only apply if you are experienced with Magento and have done jobs on Odesk with it.<br />\nAlso, must be able to start immediately and work full time on it for at least 2 weeks.<br /><br /><b>Posted On</b>: August 18, 2014 07:57 UTC<br /><b>ID</b>: 204414125<br /><b>Category</b>: Web Development &gt; Ecommerce<br /><b>Skills</b>: Array<br /><b>Country</b>: Israel<br /><a href=\"https://www.odesk.com/jobs/Advanced-Magento-Programmer_%7E01947eeaaf8c2b33b6?source=rss\">click to apply</a>',0.00,'','August 18, 2014 07:57 UTC',6,0,'Mon, 18 Aug 2014 07:57:20 +0000',1,1,'',1,0,0,1,1408461636,0),(21,'204414100','https://www.odesk.com/jobs/SugarCRM-Expert-required-for-going-work_%7E011180ec8d752aafd0?source=rss','SugarCRM Expert required for on-going work - oDesk','Looking for a SugarCRM developer/company for on-going consulting work<br /><br /><b>Posted On</b>: August 18, 2014 07:50 UTC<br /><b>ID</b>: 204414100<br /><b>Category</b>: Web Development &gt; Other - Web Development<br /><b>Skills</b>: Array, Array, Array<br /><b>Country</b>: <br /><a href=\"https://www.odesk.com/jobs/SugarCRM-Expert-required-for-going-work_%7E011180ec8d752aafd0?source=rss\">click to apply</a>',0.00,'','August 18, 2014 07:50 UTC',7,0,'Mon, 18 Aug 2014 07:50:17 +0000',1,1,'',1,0,0,1,0,0),(22,'204414066','https://www.odesk.com/jobs/WEB-DEVELOPER_%7E016777463f832b06bd?source=rss','WEB DEVELOPER - oDesk','The requirements are:<br />\n<br />\nA simple website with may be 6 or 7 pages. <br />\nIts a website for a Health management and Life Coach.<br />\nThe content is in German and I can help you translating whatever you might need.<br />\n<br />\nPlease apply only if you can deliver :<br />\n<br />\n1.&nbsp;&nbsp;Excellent HTML/5 skills<br />\n2.&nbsp;&nbsp;Great results faster.<br />\n3.&nbsp;&nbsp;Interested in longterm assignments.<br />\n<br />\nBest regards,<br />\nEdger<br /><br /><b>Posted On</b>: August 18, 2014 07:36 UTC<br /><b>ID</b>: 204414066<br /><b>Category</b>: Web Development &gt; Web Design<br /><b>Skills</b>: Array, Array, Array, Array, Array<br /><b>Country</b>: <br /><a href=\"https://www.odesk.com/jobs/WEB-DEVELOPER_%7E016777463f832b06bd?source=rss\">click to apply</a>',0.00,'','August 18, 2014 07:36 UTC',3,0,'Mon, 18 Aug 2014 07:36:27 +0000',1,1,'',1,0,0,1,0,0),(23,'204414048','https://www.odesk.com/jobs/Create-searchable-database-professional-freelancers-our-industry_%7E010058e4dbe1a5ef7d?source=rss','Create a searchable database of professional freelancers in our industry - oDesk','This job is creating a database for our company to have a list of all freelancers that we use.&nbsp;&nbsp;Think of it similar to odesk.&nbsp;&nbsp;&nbsp;There will be either blank forms for items that are not uniform such as name, phone number and email address.&nbsp;&nbsp;The other option will be a list with check boxes based upon skills.&nbsp;&nbsp;Most items will initially need to be input by the freelancers with the exception of References and Calendar.&nbsp;&nbsp;A robust calendar feature is needed that clearly shows when a freelancer is working and which project they are working on. <br />\n<br />\nDatabase needs to be searchable by 10-12 fields.&nbsp;&nbsp;It also needs to be able to searched similar to a directory in which you drill down in to the results.&nbsp;&nbsp;&nbsp;&nbsp;For instance the admin clicks find a crew.&nbsp;&nbsp;Then the calendar comes up asking for the dates of their project.&nbsp;&nbsp;The next screen should ask which market these freelancers are being used for, such as Video, Sound, or lighting.&nbsp;&nbsp;Then the admin clicks audio and the next screen shows the options similar to Mixer, engineer or tech.&nbsp;&nbsp;The admin clicks tech and everyone who is an audio tech is displayed along with their rating, phone, email, picture and past projects.&nbsp;&nbsp;<br />\n<br />\nThere should be a super admin setting that can see all freelancers.&nbsp;&nbsp;Then admin settings.&nbsp;&nbsp;The admins can see everyone in their category.&nbsp;&nbsp;Their category will be set by the super admin.&nbsp;&nbsp;Users should be able to only see the main category from their admin no other categories.&nbsp;&nbsp;So the owner would be super admin.&nbsp;&nbsp;They would appoint 4 admins for each of 4 categories.&nbsp;&nbsp;Each admin could only see their own category unless authorized by super admin.&nbsp;&nbsp;<br />\n<br />\nAdmins and users need name, username and password only.&nbsp;&nbsp;Only admins and users can see the database otherwise it is not viewable to anyone.<br />\n<br />\nWhen a new entry is added to the database and email should be sent to their admin and all the users under that admin.&nbsp;&nbsp;This email should show who got added and&nbsp;&nbsp;the ability to rate the freelancer.&nbsp;&nbsp;They should be able to rate from insides the email without clicking on a link.&nbsp;&nbsp;One rating per user on the initial rating email.&nbsp;&nbsp;Admin has the ability to change the rating overriding all votes in the system.&nbsp;&nbsp;&nbsp;&nbsp;When a tour is over the admin and users should receive an email that says The tour is over, please rate your crew from this tour.&nbsp;&nbsp;Display the name and picture of each crew member along with the ability to rate the crew member again.&nbsp;&nbsp;This rating should be shown next to the tour in their experience.&nbsp;&nbsp;Ratings should be NEW 1-10 and a 0 which says never hire.&nbsp;&nbsp;<br />\n&nbsp;&nbsp;&nbsp;&nbsp;&nbsp;&nbsp;&nbsp;&nbsp;&nbsp;&nbsp;New 	&nbsp;&nbsp;&nbsp;1&nbsp;&nbsp;&nbsp;&nbsp;&nbsp;&nbsp;&nbsp;&nbsp;&nbsp;&nbsp;2 &hellip;.<br />\n<br />\n0&rsquo;s should not show up in search results.&nbsp;&nbsp;At the end of the search results there should be a link that says &ldquo;show crew with 0 rating&rdquo;<br />\n<br />\nAdd freelancer and user to database should be buttons from the home screen.&nbsp;&nbsp;When add freelancer is clicked an email address is entered.&nbsp;&nbsp;Form that is emailed is similar to the directory search with either blank boxes or a list the ability to check off your skills.&nbsp;&nbsp;<br />\n<br />\nDatabase needs to be available via web so admins can search from anywhere they are located.&nbsp;&nbsp;<br />\n<br />\nPlease check attachment to view all categories.&nbsp;&nbsp;We will be adding more categories and skills.&nbsp;&nbsp;<br />\n<br />\nPlease send any websites that would be a good influence for this project.&nbsp;&nbsp;Not sites you have designed but best of category.&nbsp;&nbsp;Specifically NOT sites you have designed. <br />\n<br />\nSought after skills include:&nbsp;&nbsp;LAMP Open Source PHP/mysql<br />\n<br />\nTo prove you read this and are not a robot please put the website from the second sentence in the subject and first line of your reply.<br /><br /><b>Budget</b>: $1000<br /><b>Posted On</b>: August 18, 2014 07:29 UTC<br /><b>ID</b>: 204414048<br /><b>Category</b>: Web Development &gt; Web Programming<br /><b>Skills</b>: Array<br /><b>Country</b>: <br /><a href=\"https://www.odesk.com/jobs/Create-searchable-database-professional-freelancers-our-industry_%7E010058e4dbe1a5ef7d?source=rss\">click to apply</a>',1000.00,'$1000','August 18, 2014 07:29 UTC',2,0,'Mon, 18 Aug 2014 07:29:50 +0000',1,1,'',1,0,0,1,0,0),(24,'204414036','https://www.odesk.com/jobs/Yii-development-and-management_%7E010c689f382ad7ed97?source=rss','Yii development and management - oDesk','We have a series of web systems using the Yii framework, and need a new programmer to:<br />\n1. work on existing systems<br />\n2. develop new systems<br />\n<br />\nThe first system we will need to be developed is a community portal with a forum and wiki. This will be integrated with other systems via LDAP.<br />\n<br />\nYou will be working under our IT manager and Senior Programmer. As you learn the systems we want to be able to pass on more responsibilities to you.<br /><br /><b>Posted On</b>: August 18, 2014 07:23 UTC<br /><b>ID</b>: 204414036<br /><b>Category</b>: Web Development &gt; Web Programming<br /><b>Skills</b>: Array, Array, Array, Array, Array, Array, Array, Array, Array<br /><b>Country</b>: Australia<br /><a href=\"https://www.odesk.com/jobs/Yii-development-and-management_%7E010c689f382ad7ed97?source=rss\">click to apply</a>',0.00,'','August 18, 2014 07:23 UTC',2,0,'Mon, 18 Aug 2014 07:23:47 +0000',1,1,'',1,0,0,1,0,0),(25,'204414006','https://www.odesk.com/jobs/Technical-writer-for-software-company_%7E015d9566355ae2347a?source=rss','Technical writer for software company - oDesk','Hello,<br />\n<br />\nI am looking for a technical write who has knowledge of technologies like Java, PHP, Android, who can write 300 to 400 words about each technology. please apply if you have technical knowledge as i will ask few technical questions while awarding the job.<br />\n<br />\nThanks<br /><br /><b>Budget</b>: $50<br /><b>Posted On</b>: August 18, 2014 07:15 UTC<br /><b>ID</b>: 204414006<br /><b>Category</b>: Writing & Translation &gt; Website Content<br /><b>Skills</b>: Array, Array, Array<br /><b>Country</b>: India<br /><a href=\"https://www.odesk.com/jobs/Technical-writer-for-software-company_%7E015d9566355ae2347a?source=rss\">click to apply</a>',50.00,'$50','August 18, 2014 07:15 UTC',12,0,'Mon, 18 Aug 2014 07:15:59 +0000',1,1,'',1,0,0,1,0,0),(26,'204414002','https://www.odesk.com/jobs/EASY-and-FAST-JOB-NEW-Odesk-are-WELCOME_%7E01a4302dd6078bd4bd?source=rss','EASY and FAST JOB! NEW to Odesk are WELCOME!!! - oDesk','Hello Product Reviewer, <br />\n<br />\nThis is a job that everyone can do in 5 min. <br />\n<br />\nPlease do the following <br />\n<br />\n- LIKE<br />\n- SHARE <br />\n- COMMENT: AND PLEASE keep in mind that less more. Don&#039;t write to enthusiastic. Please no &quot;best product I have ever used&quot;. Just one word like &quot;awesome&quot; or &quot;just ordered&quot; is enough. Thanks!<br />\n<br />\nThis is the post: <br />\n<a href=\"https://www.odesk.com/leaving-odesk?ref=https%3A%2F%2Fwww.facebook.com%2Fphoto.php%3Fv%3D525188444248515%26set%3Dvb.525181527582540%26type%3D2%26theater\" title=\"You are about to go to a URL outside odesk.com\" target=\"_blank\">https://www.facebook.com/photo.php?v=525188444248515&amp;set=vb.525181527582540&amp;type=2&amp;theater</a> <br />\n<br />\nGo on this page and press like <a href=\"https://www.odesk.com/leaving-odesk?ref=https%3A%2F%2Fwww.facebook.com%2Ftopfitnessinnovations\" title=\"You are about to go to a URL outside odesk.com\" target=\"_blank\">https://www.facebook.com/topfitnessinnovations</a> <br />\n<br />\nThat&#039;s it! You are done with the job. <br />\n<br />\nWe have other jobs like this so lets stay in touch and join this group here: <a href=\"https://www.odesk.com/leaving-odesk?ref=https%3A%2F%2Fwww.facebook.com%2Fgroups%2F335985426567358%2F\" title=\"You are about to go to a URL outside odesk.com\" target=\"_blank\">https://www.facebook.com/groups/335985426567358/</a> <br />\n<br />\nPS: Please feel free to write, like, share whatever you want to. We dont want to force you. If you do not like the product this job is not for you.<br />\n<br />\nThanks!<br /><br /><b>Posted On</b>: August 18, 2014 07:14 UTC<br /><b>ID</b>: 204414002<br /><b>Category</b>: Sales & Marketing &gt; Market Research & Surveys<br /><b>Skills</b>: Array, Array, Array, Array, Array, Array, Array, Array, Array, Array, Array<br /><b>Country</b>: Germany<br /><a href=\"https://www.odesk.com/jobs/EASY-and-FAST-JOB-NEW-Odesk-are-WELCOME_%7E01a4302dd6078bd4bd?source=rss\">click to apply</a>',0.00,'','August 18, 2014 07:14 UTC',14,0,'Mon, 18 Aug 2014 07:14:42 +0000',1,1,'',1,0,0,1,0,0),(27,'204413987','https://www.odesk.com/jobs/learning-Assessment-Management-LMS_%7E0182ba0d83495b9ecd?source=rss','E-learning Assessment Management LMS - oDesk','We are looking to develop a standalone LMS that can be incorporated into our current database student management system.&nbsp;&nbsp;<br />\n<br />\nWe have specific requirements for the system and are open to using an open source system if one is able to be modified to our requirements.<br /><br /><b>Budget</b>: $1000<br /><b>Posted On</b>: August 18, 2014 07:09 UTC<br /><b>ID</b>: 204413987<br /><b>Category</b>: Web Development &gt; Web Programming<br /><b>Skills</b>: Array, Array<br /><b>Country</b>: Australia<br /><a href=\"https://www.odesk.com/jobs/learning-Assessment-Management-LMS_%7E0182ba0d83495b9ecd?source=rss\">click to apply</a>',1000.00,'$1000','August 18, 2014 07:09 UTC',2,0,'Mon, 18 Aug 2014 07:09:07 +0000',1,1,'',1,0,0,1,0,0),(28,'204413983','https://www.odesk.com/jobs/Classified-add-website-needed_%7E019ff2bbbb7cee0ae7?source=rss','Classified add website needed - oDesk','i need a classified add website please contact me for job info<br /><br /><b>Budget</b>: $150<br /><b>Posted On</b>: August 18, 2014 07:08 UTC<br /><b>ID</b>: 204413983<br /><b>Category</b>: Web Development &gt; Web Design<br /><b>Skills</b>: Array, Array, Array, Array, Array, Array<br /><b>Country</b>: Australia<br /><a href=\"https://www.odesk.com/jobs/Classified-add-website-needed_%7E019ff2bbbb7cee0ae7?source=rss\">click to apply</a>',150.00,'$150','August 18, 2014 07:08 UTC',3,0,'Mon, 18 Aug 2014 07:08:07 +0000',1,1,'',1,0,0,1,0,0),(29,'204413972','https://www.odesk.com/jobs/Responsive-website-multi-device-browser-testing_%7E016479485819be7d9c?source=rss','Responsive website QA - multi device / browser testing - oDesk','We would like the site <a href=\"https://www.odesk.com/leaving-odesk?ref=http%3A%2F%2Fwww.marshallmcadam.com.au\" title=\"You are about to go to a URL outside odesk.com\" target=\"_blank\">http://www.marshallmcadam.com.au</a> tested across multiple devices, browsers, and resolutions to identify any issues with layout and usability.<br />\n<br />\nThe main page types are:<br />\n<br />\n<a href=\"https://www.odesk.com/leaving-odesk?ref=http%3A%2F%2Fwww.marshallmcadam.com.au%2F\" title=\"You are about to go to a URL outside odesk.com\" target=\"_blank\">http://www.marshallmcadam.com.au/</a> (full screen slider left-right and up/down)<br />\n<a href=\"https://www.odesk.com/leaving-odesk?ref=http%3A%2F%2Fwww.marshallmcadam.com.au%2Fjob-search.html\" title=\"You are about to go to a URL outside odesk.com\" target=\"_blank\">http://www.marshallmcadam.com.au/job-search.html</a><br />\n<a href=\"https://www.odesk.com/leaving-odesk?ref=http%3A%2F%2Fwww.marshallmcadam.com.au%2Fourworld%2F\" title=\"You are about to go to a URL outside odesk.com\" target=\"_blank\">http://www.marshallmcadam.com.au/ourworld/</a><br />\n<a href=\"https://www.odesk.com/leaving-odesk?ref=http%3A%2F%2Fwww.marshallmcadam.com.au%2Fblog%2F\" title=\"You are about to go to a URL outside odesk.com\" target=\"_blank\">http://www.marshallmcadam.com.au/blog/</a><br />\n<a href=\"https://www.odesk.com/leaving-odesk?ref=http%3A%2F%2Fwww.marshallmcadam.com.au%2Four-network%2F\" title=\"You are about to go to a URL outside odesk.com\" target=\"_blank\">http://www.marshallmcadam.com.au/our-network/</a><br />\n<a href=\"https://www.odesk.com/leaving-odesk?ref=http%3A%2F%2Fwww.marshallmcadam.com.au%2Four-team%2F\" title=\"You are about to go to a URL outside odesk.com\" target=\"_blank\">http://www.marshallmcadam.com.au/our-team/</a><br />\n<a href=\"https://www.odesk.com/leaving-odesk?ref=http%3A%2F%2Fwww.marshallmcadam.com.au%2Frecruiting-without-borders.html\" title=\"You are about to go to a URL outside odesk.com\" target=\"_blank\">http://www.marshallmcadam.com.au/recruiting-without-borders.html</a><br />\n<a href=\"https://www.odesk.com/leaving-odesk?ref=http%3A%2F%2Fwww.marshallmcadam.com.au%2Ftim-hutchinson.html\" title=\"You are about to go to a URL outside odesk.com\" target=\"_blank\">http://www.marshallmcadam.com.au/tim-hutchinson.html</a><br />\n<a href=\"https://www.odesk.com/leaving-odesk?ref=http%3A%2F%2Fwww.marshallmcadam.com.au%2Fcontact.html\" title=\"You are about to go to a URL outside odesk.com\" target=\"_blank\">http://www.marshallmcadam.com.au/contact.html</a><br />\n<br />\n<br />\nDevices to be used for testing:<br />\n<br />\nWindow PC<br />\n&nbsp;&nbsp;&nbsp;&nbsp;Chrome<br />\n&nbsp;&nbsp;&nbsp;&nbsp;Internet Explorer 9+<br />\n&nbsp;&nbsp;&nbsp;&nbsp;Firefox<br />\n<br />\niPhone<br />\n&nbsp;&nbsp;&nbsp;Safari<br />\n<br />\niPad<br />\n&nbsp;&nbsp;&nbsp;Safari<br />\n<br />\nAndroid Phone<br />\n&nbsp;&nbsp;&nbsp;Chrome<br />\n&nbsp;&nbsp;&nbsp;Firefox<br />\n<br />\nAndroid Tablet<br />\n&nbsp;&nbsp;&nbsp;Chrome <br />\n&nbsp;&nbsp;&nbsp;Firefox<br />\n<br />\n<br />\nPlease note, emulators are not sufficient, the testing should be carried out on physical phones and tablets<br />\n<br />\nWindows PC screen resolutions.&nbsp;&nbsp;When testing on Windows, the top 6 most common resolutions should be chosen for testing as per <a href=\"https://www.odesk.com/leaving-odesk?ref=http%3A%2F%2Fwww.w3counter.com%2Fglobalstats.php\" title=\"You are about to go to a URL outside odesk.com\" target=\"_blank\">http://www.w3counter.com/globalstats.php</a>.&nbsp;&nbsp;&nbsp;Note that these are screen resolutions, not viewport resolutions, and so the chrome, window decorations, scrollbars etc will subtract from screen real estate differently for different browsers (so it isn&#039;t sufficient to set the browser viewport to these resolutions).<br />\n<br />\nWe are looking for:<br />\n<br />\n1) Layout issues, where elements overlap or encroach<br />\n2) Functional issues, where for example, menu items do not work consistently across each platform<br />\n<br />\nPlease reply with your approach.&nbsp;&nbsp;The budget listed is not final, please bid what you think is appropriate.<br /><br /><b>Budget</b>: $100<br /><b>Posted On</b>: August 18, 2014 07:04 UTC<br /><b>ID</b>: 204413972<br /><b>Category</b>: Web Development &gt; Website QA<br /><b>Skills</b>: Array<br /><b>Country</b>: Australia<br /><a href=\"https://www.odesk.com/jobs/Responsive-website-multi-device-browser-testing_%7E016479485819be7d9c?source=rss\">click to apply</a>',100.00,'$100','August 18, 2014 07:04 UTC',15,0,'Mon, 18 Aug 2014 07:04:03 +0000',1,1,'',1,0,0,1,0,0),(30,'204413971','https://www.odesk.com/jobs/PSD-HTML_%7E01fb2104595675b44a?source=rss','PSD to HTML - oDesk','Hi, We are Australian Based Company. we need person to do following work.<br />\n<br />\nPSD to PHP,HTML site<br />\n<br />\nThis is the site we need to Design<br />\n<br />\n<a href=\"https://www.odesk.com/leaving-odesk?ref=http%3A%2F%2Fwww.moqgroup.com%2Findex_demo.php\" title=\"You are about to go to a URL outside odesk.com\" target=\"_blank\">http://www.moqgroup.com/index_demo.php</a> <br />\nto similar this<br />\n<a href=\"https://www.odesk.com/leaving-odesk?ref=https%3A%2F%2Fwww.dropbox.com%2Fs%2Fpl702cdozo7jukc%2FScreen%2520Shot%25202013-06-10%2520at%25202.23.56%2520PM.png\" title=\"You are about to go to a URL outside odesk.com\" target=\"_blank\">https://www.dropbox.com/s/pl702cdozo7jukc/Screen%20Shot%202013-06-10%20at%202.23.56%20PM.png</a><br />\n<br />\nwe have all PSDs<br />\n<br />\n<br />\nReply ASAP<br />\n<br />\non the reply in top mention &quot;AWD&quot; to make sure you have read this description<br /><br /><b>Posted On</b>: August 18, 2014 07:03 UTC<br /><b>ID</b>: 204413971<br /><b>Category</b>: Web Development &gt; Web Design<br /><b>Skills</b>: Array, Array, Array<br /><b>Country</b>: <br /><a href=\"https://www.odesk.com/jobs/PSD-HTML_%7E01fb2104595675b44a?source=rss\">click to apply</a>',0.00,'','August 18, 2014 07:03 UTC',3,0,'Mon, 18 Aug 2014 07:03:53 +0000',1,1,'',1,0,0,1,0,0),(31,'204413969','https://www.odesk.com/jobs/Restore-wordpress-site-from-source-files_%7E011751fbe446df9ab5?source=rss','Restore wordpress site from source files - oDesk','I had a portfolio site build using Wordpress and the shaken-grid Theme. <br />\n<br />\nI downloaded all the files using FTP from the server as a backup.<br />\n<br />\nI want to get the site up and running again. I have tried uploading the files onto a Bluehost server but i get file permission errors.<br />\n<br />\nThe version of wordpress and the theme are probably out of date. It&#039;s been a few years since it has worked.<br />\n<br />\nYou can access the files via dropbox. see <a href=\"https://www.odesk.com/leaving-odesk?ref=https%3A%2F%2Fdl.dropboxusercontent.com%2Fu%2F6478644%2FRestore_8.8.2011.zip\" title=\"You are about to go to a URL outside odesk.com\" target=\"_blank\">https://dl.dropboxusercontent.com/u/6478644/Restore_8.8.2011.zip</a><br />\n<br />\nHappy to set up a new bluehost wordpress hosting account if thats the best way to do it. <br />\n<br />\nMain Deliverable - Wordpress site (latest version) with correct themes (latest version of shaken-grid-premium) with all the content restored and working<br />\n<br />\nThere may be follow on work to make minor changes to the site beyond this<br /><br /><b>Posted On</b>: August 18, 2014 07:03 UTC<br /><b>ID</b>: 204413969<br /><b>Category</b>: Web Development &gt; Web Programming<br /><b>Skills</b>: Array, Array, Array<br /><b>Country</b>: Australia<br /><a href=\"https://www.odesk.com/jobs/Restore-wordpress-site-from-source-files_%7E011751fbe446df9ab5?source=rss\">click to apply</a>',0.00,'','August 18, 2014 07:03 UTC',2,0,'Mon, 18 Aug 2014 07:03:29 +0000',1,1,'',1,0,0,1,0,0),(32,'204413924','https://www.odesk.com/jobs/Php-mysql-code-with-Fusion-charts-using-Smarty-framework_%7E01b616f3e652f4ac47?source=rss','Php/mysql code with Fusion charts using Smarty framework - oDesk','Need to enhance an existing php/mysql code developed using Smarty framework. The existing site has 4-5 charts using very old version fusion charts made with flash.<br />\nNow we have to replace the old charts with new Fusion charts versions made with html5.<br />\n<br />\nThere are multiple modules and each module have to be implemented one by one. If the work is done without much errors and with the right spirit, I will give 15-20% bonus.<br /><br /><b>Budget</b>: $160<br /><b>Posted On</b>: August 18, 2014 06:44 UTC<br /><b>ID</b>: 204413924<br /><b>Category</b>: Web Development &gt; Web Programming<br /><b>Skills</b>: Array, Array, Array, Array, Array, Array<br /><b>Country</b>: United States<br /><a href=\"https://www.odesk.com/jobs/Php-mysql-code-with-Fusion-charts-using-Smarty-framework_%7E01b616f3e652f4ac47?source=rss\">click to apply</a>',160.00,'$160','August 18, 2014 06:44 UTC',2,0,'Mon, 18 Aug 2014 06:44:24 +0000',1,1,'',1,0,0,1,0,0),(33,'204413917','https://www.odesk.com/jobs/Custom-Woocommerce-functions_%7E01f4dc9ba7c7b87424?source=rss','Custom Woocommerce functions - oDesk','The task is described in the attachment. After the functions are approved the text is being translated to Danish - you just need to place the translated text.<br />\n<br />\nJob is to be done ASAP!<br /><br /><b>Budget</b>: $250<br /><b>Posted On</b>: August 18, 2014 06:41 UTC<br /><b>ID</b>: 204413917<br /><b>Category</b>: Web Development &gt; Ecommerce<br /><b>Skills</b>: Array<br /><b>Country</b>: Denmark<br /><a href=\"https://www.odesk.com/jobs/Custom-Woocommerce-functions_%7E01f4dc9ba7c7b87424?source=rss\">click to apply</a>',250.00,'$250','August 18, 2014 06:41 UTC',6,0,'Mon, 18 Aug 2014 06:41:14 +0000',1,1,'',1,0,0,1,0,0),(34,'204413915','https://www.odesk.com/jobs/Experienced-Project-Manager_%7E01cc42eda7d0122bca?source=rss','Experienced Project Manager - oDesk','Looking for an experienced Project Manager to help manage the development of multiple web properties and mobile apps.<br />\n<br />\nYou should be very familiar with the following:<br />\n<br />\n - Agile development<br />\n - Confluence/Jira/Basecamp<br />\n - Decent experience with: PHP, CSS, Google Analytics, Wordpress, and any other coding languages is a plus<br />\n<br />\nIn your cover letter, make sure to answer the following questions, or your application will be rejected.<br />\n<br />\n - How much experience do you have with Confluence?<br />\n - How much experience do you have with JIRA?<br />\n - How much experience do you have with Basecamp?<br />\n - What coding languages are you familiar with?<br />\n - How long have you been working with agile development practices?<br />\n - Provide me some examples of how you are utilizing agile development to manage engineers?<br /><br /><b>Posted On</b>: August 18, 2014 06:39 UTC<br /><b>ID</b>: 204413915<br /><b>Category</b>: Web Development &gt; Website Project Management<br /><b>Skills</b>: Array, Array, Array, Array, Array, Array, Array, Array<br /><b>Country</b>: United States<br /><a href=\"https://www.odesk.com/jobs/Experienced-Project-Manager_%7E01cc42eda7d0122bca?source=rss\">click to apply</a>',0.00,'','August 18, 2014 06:39 UTC',16,0,'Mon, 18 Aug 2014 06:39:57 +0000',1,1,'',1,0,0,1,0,0),(35,'204413898','https://www.odesk.com/jobs/Senior-Web-Dev-working-Custom-CMS-English-Speaking_%7E01a869fcd5d73c0e89?source=rss','Senior Web Dev working on a Custom CMS, English Speaking - oDesk','We are an online pet minder marketplace based in Australia, with a small team working out of Manilla.<br />\n<br />\nThe company required an experienced and suitably qualified Senior Web Developer to join our team:<br />\n <br />\nThe following are essential<br />\n&nbsp;&nbsp;&nbsp;&nbsp;* Excellent written &amp; spoken English <br />\n&nbsp;&nbsp;&nbsp;&nbsp;&nbsp;*Have exceptional PHP and web programming skills<br />\n&nbsp;&nbsp;&nbsp;&nbsp;* ZEND experience as a must<br />\n&nbsp;&nbsp;&nbsp;&nbsp;* Ability and willingness to work on a custom CMS<br />\n&nbsp;&nbsp;&nbsp;&nbsp;* With 3+ years professional PHP &amp; MySQL development experience<br />\n&nbsp;&nbsp;&nbsp;&nbsp;* Experience in content management systems like Wordpress and Joomla!<br />\n&nbsp;&nbsp;&nbsp;&nbsp;* XML, JAX, CSS, HTML, XHTML, DHTML, Javascript, DOM<br />\n&nbsp;&nbsp;&nbsp;&nbsp;* Knowledge/Experience in Magento is a PLUS,<br />\n&nbsp;&nbsp;&nbsp;&nbsp;* Need to be able to test these in major browsers including IE6 and Safari.<br />\n&nbsp;&nbsp;&nbsp;&nbsp;* Be fluent with advanced SVN version management<br />\n&nbsp;&nbsp;&nbsp;&nbsp;* Adhere to strict coding standards.<br />\n&nbsp;&nbsp;&nbsp;&nbsp;* Have your complete tool chain of PHP, MySQL, HTTP and JavaScript debugging tools ready at all times; and you are able to identify and resolve problems quickly and effectively.<br />\n<br />\nApplicants who are accepted into the second round of interviews will be required to examine our back-end so that they are comfortable with the CMS they will be working with.<br /><br /><b>Posted On</b>: August 18, 2014 06:31 UTC<br /><b>ID</b>: 204413898<br /><b>Category</b>: Web Development &gt; Web Programming<br /><b>Skills</b>: Array, Array<br /><b>Country</b>: Australia<br /><a href=\"https://www.odesk.com/jobs/Senior-Web-Dev-working-Custom-CMS-English-Speaking_%7E01a869fcd5d73c0e89?source=rss\">click to apply</a>',0.00,'','August 18, 2014 06:31 UTC',2,0,'Mon, 18 Aug 2014 06:31:53 +0000',1,1,'',1,0,0,1,0,0),(36,'204413878','https://www.odesk.com/jobs/WooCommerce-expert-Salesforce-integration_%7E01f897743c57af4d51?source=rss','WooCommerce expert - Salesforce integration - oDesk','I need a WooCommerce guru to help to integrate a WooCommerce website with Salesforce with the following rules:<br />\n<br />\n1. When a new order is created and the Billing Company does not exist in Salesforce, a new account should be created and the Order and Line items should be created under it<br />\n2. When a new order is created, but the Billing Company already exists in Salesforce, a new contact should be created within the preexisting account<br />\n3. When a new order is created, a custom Object (Order) should be created under the Account it on the basis of the Account name<br />\n4. When a new order is created, line items should be created under the Order<br />\n<br />\nPlease let me know if you are interested and let me know what is your time estimate for this project.<br />\n<br />\nKind regards, <br />\n<br />\nPolina<br /><br /><b>Posted On</b>: August 18, 2014 06:26 UTC<br /><b>ID</b>: 204413878<br /><b>Category</b>: Web Development &gt; Ecommerce<br /><b>Skills</b>: Array, Array, Array, Array<br /><b>Country</b>: Australia<br /><a href=\"https://www.odesk.com/jobs/WooCommerce-expert-Salesforce-integration_%7E01f897743c57af4d51?source=rss\">click to apply</a>',0.00,'','August 18, 2014 06:26 UTC',6,0,'Mon, 18 Aug 2014 06:26:05 +0000',1,1,'',1,0,0,1,0,0),(37,'204413868','https://www.odesk.com/jobs/Joomla-onpage-issue_%7E01dbd75e32204d0e4b?source=rss','Joomla onpage issue - oDesk','NEED ALL ONPAGE ISSUE TO BE RESOLVED.<br /><br /><b>Posted On</b>: August 18, 2014 06:23 UTC<br /><b>ID</b>: 204413868<br /><b>Category</b>: Web Development &gt; Web Programming<br /><b>Skills</b>: Array, Array, Array<br /><b>Country</b>: India<br /><a href=\"https://www.odesk.com/jobs/Joomla-onpage-issue_%7E01dbd75e32204d0e4b?source=rss\">click to apply</a>',0.00,'','August 18, 2014 06:23 UTC',2,0,'Mon, 18 Aug 2014 06:23:44 +0000',1,1,'',1,0,0,1,0,0),(38,'204413862','https://www.odesk.com/jobs/Clone-Single-Page_%7E019c7a0e0c970cf3f7?source=rss','Clone of a Single Page - oDesk','Hi i need to clone a single page having a calculator for bank loan and it will be for wordpress please tell me if someone can do that<br />\n<br />\ninclude your skype<br />\n<br />\nRegards<br />\nShahaan<br /><br /><b>Budget</b>: $50<br /><b>Posted On</b>: August 18, 2014 06:21 UTC<br /><b>ID</b>: 204413862<br /><b>Category</b>: Web Development &gt; Web Programming<br /><b>Skills</b>: Array, Array, Array<br /><b>Country</b>: Pakistan<br /><a href=\"https://www.odesk.com/jobs/Clone-Single-Page_%7E019c7a0e0c970cf3f7?source=rss\">click to apply</a>',50.00,'$50','August 18, 2014 06:21 UTC',2,0,'Mon, 18 Aug 2014 06:21:36 +0000',1,1,'',1,0,0,1,0,0),(39,'204413853','https://www.odesk.com/jobs/Experienced-Linux-Server-Administrator_%7E016f0f05c25b69e54e?source=rss','Experienced Linux Server Administrator - oDesk','Experienced Linux server administrator <br />\n<br />\n1 Server security audit and fix issues<br />\n2 Configure ssl certificate<br />\n3 Need to configure auto backup (Bacula Backup System <a href=\"https://www.odesk.com/leaving-odesk?ref=http%3A%2F%2Fbacula.org%2F\" title=\"You are about to go to a URL outside odesk.com\" target=\"_blank\">http://bacula.org/</a>) in Google drive<br />\n4 Configure a mail server <br />\n6 Remote login for the mysql without using phpmyadmin.<br />\n7 Remote uploading of files using dreamhost server<br />\n<br />\nIf you are expert,this is few hours work for you.<br />\nAfter Good work,We will consider you for future maintenance<br /><br /><b>Budget</b>: $50<br /><b>Posted On</b>: August 18, 2014 06:17 UTC<br /><b>ID</b>: 204413853<br /><b>Category</b>: Networking & Information Systems &gt; Server Administration<br /><b>Skills</b>: Array, Array, Array, Array, Array, Array<br /><b>Country</b>: India<br /><a href=\"https://www.odesk.com/jobs/Experienced-Linux-Server-Administrator_%7E016f0f05c25b69e54e?source=rss\">click to apply</a>',50.00,'$50','August 18, 2014 06:17 UTC',17,0,'Mon, 18 Aug 2014 06:17:43 +0000',1,1,'',1,0,0,1,0,0),(40,'204413845','https://www.odesk.com/jobs/Transferring-Ecommerce-Store-From-Paypal-Google-Wallet_%7E010028a024dcca9a1b?source=rss','Transferring Ecommerce Store From Paypal to Google Wallet - oDesk','I am looking for an experienced Web Developer who can quickly and efficiently change one of our ECommerce Stores From Paypal to Google Wallet.<br />\n<br />\nStore Platform: oScommerce 2.3.1 <br />\nHosting / cPanel: Siteground.com<br />\n<br />\nA Google Wallet account has been created.<br />\n<br />\nPlease only bid if you have experience in setting up Google Wallet on oScommerce platforms.<br />\n<br />\nAlso please only bid if you can begin work immediately.<br /><br /><b>Budget</b>: $45<br /><b>Posted On</b>: August 18, 2014 06:14 UTC<br /><b>ID</b>: 204413845<br /><b>Category</b>: Web Development &gt; Ecommerce<br /><b>Skills</b>: Array<br /><b>Country</b>: Australia<br /><a href=\"https://www.odesk.com/jobs/Transferring-Ecommerce-Store-From-Paypal-Google-Wallet_%7E010028a024dcca9a1b?source=rss\">click to apply</a>',45.00,'$45','August 18, 2014 06:14 UTC',6,0,'Mon, 18 Aug 2014 06:14:14 +0000',1,1,'',1,0,0,1,0,0),(41,'204413829','https://www.odesk.com/jobs/Full-Time-PHP-programmer_%7E0165d661a0957a5051?source=rss','Full Time PHP programmer - oDesk','My company is looking for a full time Programmer. Prefer to have some one work on the North American Time Zone<br />\nSkill set desired:<br />\n<br />\nHTML<br />\nCSS<br />\nJavascript<br />\nPHP- codeigniter, yii, wordpress<br /><br /><b>Posted On</b>: August 18, 2014 06:10 UTC<br /><b>ID</b>: 204413829<br /><b>Category</b>: Web Development &gt; Web Design<br /><b>Skills</b>: Array, Array, Array, Array, Array, Array, Array, Array, Array<br /><b>Country</b>: Canada<br /><a href=\"https://www.odesk.com/jobs/Full-Time-PHP-programmer_%7E0165d661a0957a5051?source=rss\">click to apply</a>',0.00,'','August 18, 2014 06:10 UTC',3,0,'Mon, 18 Aug 2014 06:10:24 +0000',1,1,'',1,0,0,1,0,0),(42,'204413828','https://www.odesk.com/jobs/WHMCS-Integration-and-Template-Design_%7E01e260201e5ca84194?source=rss','WHMCS Integration and Template Design - oDesk','Do not apply for this job unless you are sure that you have the skill set to complete the work.<br />\n<br />\nI am setting up a reseller website and require a developer to integrate WHMCS with the main website which is already under development. <br />\nProducts have already been setup, but a template is required to link the WHMCS ordering process seamlessly link to the main site. <br />\nFinally I want the reseller site to be checked and fully functioning correctly, ready to go live.<br />\n<br />\nSo....<br />\n1. Whmcs ordering template<br />\n2. Checking and finalising to go live.<br /><br /><b>Budget</b>: $350<br /><b>Posted On</b>: August 18, 2014 06:09 UTC<br /><b>ID</b>: 204413828<br /><b>Category</b>: Web Development &gt; Web Design<br /><b>Skills</b>: Array, Array, Array, Array, Array, Array<br /><b>Country</b>: United Kingdom<br /><a href=\"https://www.odesk.com/jobs/WHMCS-Integration-and-Template-Design_%7E01e260201e5ca84194?source=rss\">click to apply</a>',350.00,'$350','August 18, 2014 06:09 UTC',3,0,'Mon, 18 Aug 2014 06:09:51 +0000',1,1,'',1,0,0,1,0,0),(43,'204413818','https://www.odesk.com/jobs/Creating-FlyNax-Template_%7E0158b0dd85303461e6?source=rss','Creating FlyNax Template - oDesk','Hello,<br />\nI&#039;m looking FlyNax expert template designer.<br />\nIf you know installation Flynax, creating FlyNax template please look attached Web.xlsx file. On this excel file every cell have own explainng. Please read all those explain.<br />\n<br />\nNote: <br />\nI just want to work with designer have experience with FlyNax.<br />\n<br />\nSo, I need to see your portfolio or previous work.<br />\nAnd if you design and create me good design I will continue work with you.<br /><br /><b>Budget</b>: $350<br /><b>Posted On</b>: August 18, 2014 06:06 UTC<br /><b>ID</b>: 204413818<br /><b>Category</b>: Web Development &gt; Web Design<br /><b>Skills</b>: Array, Array, Array, Array, Array, Array, Array, Array<br /><b>Country</b>: <br /><a href=\"https://www.odesk.com/jobs/Creating-FlyNax-Template_%7E0158b0dd85303461e6?source=rss\">click to apply</a>',350.00,'$350','August 18, 2014 06:06 UTC',3,0,'Mon, 18 Aug 2014 06:06:49 +0000',1,1,'',1,0,0,1,0,0),(44,'204413791','https://www.odesk.com/jobs/Finish-website-build_%7E01ea15a77df6c6f782?source=rss','Finish website build - oDesk','I have a design and the beginnings of a build but need it finished.<br />\n<br />\nThe PSD is attached and a ZIP including site so far.<br />\n<br />\n<a href=\"https://www.odesk.com/leaving-odesk?ref=https%3A%2F%2Fwww.wetransfer.com%2Fdownloads%2F65872b21f7393d06e0dd6baa3273196f20140818060030%2F1135578e1f6a99bd3c5d64a371c6c19020140818060030%2F7e5b67\" title=\"You are about to go to a URL outside odesk.com\" target=\"_blank\">https://www.wetransfer.com/downloads/65872b21f7393d06e0dd6baa3273196f20140818060030/1135578e1f6a99bd3c5d64a371c6c19020140818060030/7e5b67</a><br /><br /><b>Budget</b>: $20<br /><b>Posted On</b>: August 18, 2014 05:57 UTC<br /><b>ID</b>: 204413791<br /><b>Category</b>: Web Development &gt; Web Programming<br /><b>Skills</b>: Array, Array, Array, Array<br /><b>Country</b>: United Kingdom<br /><a href=\"https://www.odesk.com/jobs/Finish-website-build_%7E01ea15a77df6c6f782?source=rss\">click to apply</a>',20.00,'$20','August 18, 2014 05:57 UTC',2,0,'Mon, 18 Aug 2014 05:57:06 +0000',1,1,'',1,0,0,1,0,0),(45,'204413790','https://www.odesk.com/jobs/Update-Drupal-Latest_%7E019a34523d80afe55d?source=rss','Update Drupal 6.28 to 6.33 (Latest 6.x) - oDesk','You will update Drupal Core 6.28 to 6.33.<br />\n<br />\nPlease ensure that:<br />\n- Files and database to be backed up, marked with the date and time before proceeding with the update.<br />\n- Website to be tested, so that nothing breaks. Including any additional modules.<br />\n- Check through the modules that was installed and update if necessary (no critical, but best to do)<br /><br /><b>Budget</b>: $22<br /><b>Posted On</b>: August 18, 2014 05:57 UTC<br /><b>ID</b>: 204413790<br /><b>Category</b>: Web Development &gt; Web Programming<br /><b>Skills</b>: Array, Array<br /><b>Country</b>: Singapore<br /><a href=\"https://www.odesk.com/jobs/Update-Drupal-Latest_%7E019a34523d80afe55d?source=rss\">click to apply</a>',22.00,'$22','August 18, 2014 05:57 UTC',2,0,'Mon, 18 Aug 2014 05:57:05 +0000',1,1,'',1,0,0,1,0,0),(46,'204413758','https://www.odesk.com/jobs/Prestashop_%7E01d6cc81568e5a4461?source=rss','Prestashop - oDesk','To set theme layout and modules<br /><br /><b>Budget</b>: $20<br /><b>Posted On</b>: August 18, 2014 05:48 UTC<br /><b>ID</b>: 204413758<br /><b>Category</b>: Web Development &gt; Web Programming<br /><b>Skills</b>: Array, Array<br /><b>Country</b>: <br /><a href=\"https://www.odesk.com/jobs/Prestashop_%7E01d6cc81568e5a4461?source=rss\">click to apply</a>',20.00,'$20','August 18, 2014 05:48 UTC',2,0,'Mon, 18 Aug 2014 05:48:30 +0000',1,1,'',1,0,0,1,0,0),(47,'204413733','https://www.odesk.com/jobs/Magento-Custom-Select-drop-downs-for-Configurable-products_%7E012b8961cc50fe8513?source=rss','Magento Custom Select drop downs for Configurable products - oDesk','I need some one who can work with me on some customization for the drop boxes for configurable products needs to be an expert in Javascript and PHP<br />\nas well reasonable in price.<br />\n<br />\nI&#039;m using fancySelect as a jquery extension but the second item isn&#039;t reloading onChange the second drop box to populate if I use this. Its flaky! especially in the cart checkout<br />\n<br />\nThere could be more work coming out of this if work is of high quality.<br />\n<br />\nplease see example websites <br />\n<br />\n<a href=\"https://www.odesk.com/leaving-odesk?ref=http%3A%2F%2Fwww.readsonline.com.au\" title=\"You are about to go to a URL outside odesk.com\" target=\"_blank\">www.readsonline.com.au</a><br />\n<a href=\"https://www.odesk.com/leaving-odesk?ref=http%3A%2F%2Fwww.crunderwear.com.au\" title=\"You are about to go to a URL outside odesk.com\" target=\"_blank\">www.crunderwear.com.au</a><br /><br /><b>Posted On</b>: August 18, 2014 05:42 UTC<br /><b>ID</b>: 204413733<br /><b>Category</b>: Web Development &gt; Ecommerce<br /><b>Skills</b>: Array, Array, Array<br /><b>Country</b>: Australia<br /><a href=\"https://www.odesk.com/jobs/Magento-Custom-Select-drop-downs-for-Configurable-products_%7E012b8961cc50fe8513?source=rss\">click to apply</a>',0.00,'','August 18, 2014 05:42 UTC',6,0,'Mon, 18 Aug 2014 05:42:58 +0000',1,1,'',1,0,0,1,0,0),(48,'204413708','https://www.odesk.com/jobs/Minor-fixes-Wordpress-web-site_%7E017506f50e18213470?source=rss','Minor fixes on Wordpress web site - oDesk','I need to make some minor changes to <a href=\"https://www.odesk.com/leaving-odesk?ref=http%3A%2F%2Fwordtemplates.expert\" title=\"You are about to go to a URL outside odesk.com\" target=\"_blank\">http://wordtemplates.expert</a><br />\n<br />\n1) The two popups that are shown when the top menu or bottom buttons are shown should have another design (I have a PSD/JPG design).<br />\n<br />\n2) Now when the forms are submitted in the popups the popups disappear without a message. Either the popup should stay and show a message, or it should disappear but a message should be shown.<br />\n<br />\nIf this works out I will probably have more work for you in the future.<br /><br /><b>Budget</b>: $10<br /><b>Posted On</b>: August 18, 2014 05:35 UTC<br /><b>ID</b>: 204413708<br /><b>Category</b>: Web Development &gt; Web Programming<br /><b>Skills</b>: Array<br /><b>Country</b>: Sweden<br /><a href=\"https://www.odesk.com/jobs/Minor-fixes-Wordpress-web-site_%7E017506f50e18213470?source=rss\">click to apply</a>',10.00,'$10','August 18, 2014 05:35 UTC',2,0,'Mon, 18 Aug 2014 05:35:24 +0000',1,1,'',1,0,0,1,0,0),(49,'204413704','https://www.odesk.com/jobs/WordPress-wpCasa-Modifications_%7E01a6bd602ebcd142f6?source=rss','WordPress wpCasa Modifications - oDesk','I have had a custom modification to WordPress theme/platform wpCasa (http://wpcasa.com/).<br />\n<br />\nI have added an extra field to listing details called sleeps which works fine. The issue I am having is that the search does not like this. There is a main search area at the top of every page and a widget. It is ignoring the sleeps selection. If for example 4 is selected it should only show properties that can sleep 4 or more. Also they should be ordered low to high by the sleeps number.<br />\n<br />\nThe main search at the top I want the fields on one line padded next to each other with the search button on the same line, very much like on airbnb.co.uk. The theme is responsive so this should be supported in the form also.<br />\n<br />\nThanks,<br />\nJamie<br /><br /><b>Budget</b>: $30<br /><b>Posted On</b>: August 18, 2014 05:33 UTC<br /><b>ID</b>: 204413704<br /><b>Category</b>: Web Development &gt; Web Programming<br /><b>Skills</b>: Array, Array, Array, Array<br /><b>Country</b>: United Kingdom<br /><a href=\"https://www.odesk.com/jobs/WordPress-wpCasa-Modifications_%7E01a6bd602ebcd142f6?source=rss\">click to apply</a>',30.00,'$30','August 18, 2014 05:33 UTC',2,0,'Mon, 18 Aug 2014 05:33:31 +0000',1,1,'',1,0,0,1,0,0),(50,'204413699','https://www.odesk.com/jobs/Full-Time-Account-Manager-Position-Available_%7E014ce907226d85e16c?source=rss','Full Time Account Manager Position Available - oDesk','Hello <br />\n<br />\nWe are an online marketing company based in the US looking for a qualified individual who can work for as one of our account managers. You would be required to work 8am-4pm Eastern Standard Time Monday To Friday. You will be expected to communicate with us each day through Skype to let us know you are ready to work each day. Each day you will be expected to update us on your completed tasks and be prepared for any new tasks that will be given.<br />\n<br />\nHere are your major responsibilities: send out emails using our email auto responder; to keep a daily log of your activity to be reviewed by your supervisor; managing large data sheets including splitting them up into smaller files using excel and uploading to our software tool; to buy and setup domains in registrar and hosting company; recording data to appropriate recording sheets, managing account settings in our email auto responders.<br />\n<br />\nThis is a long term project and payment terms as well as bonus pay will be discussed based upon experience. Only apply to this position if you can show proof of past work of a similar nature. Before being hired full time you may be asked to go through preliminary testing to ensure you are qualified for the position, after which a training process will take place. If you cannot show past experiences that is required for this position, then please do NOT apply, your application will not be considered as we are only looking for individuals with experience in&nbsp;&nbsp;admin &amp; data entry. Additional skills that would benefit include email marketing &amp; project management. Respond to this email only if you feel&nbsp;&nbsp;you are a a good fit for this position, thanks.<br />\n<br />\nPayment: Fixed Salary Per Month. TBD (approx 10k-14k PHP Per Month)<br /><br /><b>Posted On</b>: August 18, 2014 05:32 UTC<br /><b>ID</b>: 204413699<br /><b>Category</b>: Administrative Support &gt; Other - Administrative Support<br /><b>Skills</b>: Array, Array, Array, Array, Array<br /><b>Country</b>: United States<br /><a href=\"https://www.odesk.com/jobs/Full-Time-Account-Manager-Position-Available_%7E014ce907226d85e16c?source=rss\">click to apply</a>',0.00,'','August 18, 2014 05:32 UTC',19,0,'Mon, 18 Aug 2014 05:32:02 +0000',1,1,'',1,0,0,1,0,0),(51,'204414709','https://www.odesk.com/jobs/Joomla-Project_%7E018aed171b76ccc8e2?source=rss','Joomla Project - oDesk','Dear Developer (OUR BUDGET is 800$), <br />\n<br />\nWe will Hire only Developers with very good Odesk-Grade point average!!!<br />\n<br />\nWe have a Joomla 2.5 website.<br />\n<br />\nA big part of the Website is done. But we have to make some neccessary changes and to fix some errors so this site can start working 100% without errors!<br />\n<br />\nThe issues/changes that must be done are:<br />\n<br />\n- Some Css changes<br />\n- Gallery changes<br />\n- Mulitlanguages fixes (90% of the Multilanguage is done)<br />\n- Some changes in the Price Tables that are showing<br />\n- This Website has Different Users in this Joomla, so we have to make some changes and make better every Account Panel.<br />\n- Maps fixes (User will be able to add Marker of his Position directly on Gmaps and to input this place directly to the Database, so Visitors can find it later if they give a city in the search box<br />\n- Integration of a Joomla Ticket System (we will buy this, you have only to coustomized it)<br />\n- Coustomization of different PayPal Accounts<br />\n- Fixes in the Email forwarding (that will inform every User/Hotel/Translator seperately) <br />\n- Conecting Parts that are not connected from the Frontend with the Backend so the Admin can have a 100% view of all the website.<br />\n- Make some SEO changes like Meta and Title tags<br />\n- After your work the website must be ready to start working 100%<br />\n<br />\nIf you think you can handle the above things please contact us. So we can discuss directly all the project with you. <br />\nPlease dont forget that we are searching for a long time cooperation for the Future.<br />\n<br />\nWaiting for your Answer.<br />\n<br />\nBest Regards<br /><br /><b>Budget</b>: $800<br /><b>Posted On</b>: August 18, 2014 10:54 UTC<br /><b>ID</b>: 204414709<br /><b>Category</b>: Web Development &gt; Web Programming<br /><b>Skills</b>: Array, Array, Array<br /><b>Country</b>: Greece<br /><a href=\"https://www.odesk.com/jobs/Joomla-Project_%7E018aed171b76ccc8e2?source=rss\">click to apply</a>',800.00,'$800','August 18, 2014 10:54 UTC',2,0,'Mon, 18 Aug 2014 10:54:12 +0000',1,1,'',1,0,0,1,0,0),(52,'204414654','https://www.odesk.com/jobs/Web-page-design-and-PHP-Panel_%7E01e5292c006f9e49ac?source=rss','Web page design and PHP Panel - oDesk',' need web page design and php panel of that.<br /><br /><b>Budget</b>: $100<br /><b>Posted On</b>: August 18, 2014 10:38 UTC<br /><b>ID</b>: 204414654<br /><b>Category</b>: Software Development &gt; Software Plug-ins<br /><b>Skills</b>: Array, Array, Array<br /><b>Country</b>: Turkey<br /><a href=\"https://www.odesk.com/jobs/Web-page-design-and-PHP-Panel_%7E01e5292c006f9e49ac?source=rss\">click to apply</a>',100.00,'$100','August 18, 2014 10:38 UTC',20,0,'Mon, 18 Aug 2014 10:38:38 +0000',1,1,'',1,0,0,1,0,0),(53,'204414610','https://www.odesk.com/jobs/Website-with-Toll-Road-Cost-Calculator_%7E018ede3a824f97e0ad?source=rss','Website with&nbsp;&nbsp;Toll Road Cost Calculator - oDesk','Note: Please do not bid with upfronts as we will pay only after successful completion.<br />\n<br />\nDescription:<br />\n<br />\nI want to create a maps mashup where I can plot a start point, and end point (address) in a map and have the total toll cost calculated. <br />\n<br />\nI will give the geolocation latitude longitude coordinates of toll booths in the state of New Jersey, and will want the route calculator to calculate how many of those toll booths I pass along the route, and then add up the total cost along the route<br />\n<br />\nThe website should work like <a href=\"https://www.odesk.com/leaving-odesk?ref=https%3A%2F%2Froadtrippers.com%2F\" title=\"You are about to go to a URL outside odesk.com\" target=\"_blank\">https://roadtrippers.com/</a>, but should also calculate the total toll amount. <a href=\"https://www.odesk.com/leaving-odesk?ref=https%3A%2F%2Fwww.illinoisvirtualtollway.com%2F\" title=\"You are about to go to a URL outside odesk.com\" target=\"_blank\">https://www.illinoisvirtualtollway.com/</a> does it for IL only.&nbsp;&nbsp;Initially I suggest a smaller regional proof of concept for one individual state like texas. Like here is the toll booth list for Dallas TX: <a href=\"https://www.odesk.com/leaving-odesk?ref=https%3A%2F%2Fwww.ntta.org%2Froadsprojects%2Frates%2FPages%2FToll-Rate-Charts.aspx\" title=\"You are about to go to a URL outside odesk.com\" target=\"_blank\">https://www.ntta.org/roadsprojects/rates/Pages/Toll-Rate-Charts.aspx</a><br /><br /><b>Budget</b>: $450<br /><b>Posted On</b>: August 18, 2014 10:27 UTC<br /><b>ID</b>: 204414610<br /><b>Category</b>: Web Development &gt; Web Programming<br /><b>Skills</b>: Array, Array<br /><b>Country</b>: United States<br /><a href=\"https://www.odesk.com/jobs/Website-with-Toll-Road-Cost-Calculator_%7E018ede3a824f97e0ad?source=rss\">click to apply</a>',450.00,'$450','August 18, 2014 10:27 UTC',2,0,'Mon, 18 Aug 2014 10:27:43 +0000',1,1,'',1,0,0,1,0,0),(54,'204414594','https://www.odesk.com/jobs/Django-Python-developer-Russian-speakers-only_%7E01b34f82f08c12d0c6?source=rss','Django/Python developer, Russian speakers only - oDesk','We are looking for a Django/Python developer to work in our team. <br />\n<br />\nThe successful candidate for this job must:<br />\n<br />\n1. Have at least 1 year experience with Django/Python<br />\n2. Be adequate and responsible<br />\n3. Have analytical mind<br />\n4. Be an honest person who always completes the task<br />\n5. Desire to develop professional skills<br />\n6. Fluent Russian speaker<br />\n<br />\nAlso we would appreciate if you have following skills:<br />\n<br />\n1. Experience with&nbsp;&nbsp;PostgreSQL or another RDBMS.<br />\n2. Experience with Linux (Debian/Ubuntu) or another *nix.<br />\n3. Other program languages or frameworks (especially, Java, php, .NET, C/C++).<br />\n4. Taking part in OpenSource-projects.<br />\n5. Experience with MongoDB, Redis, Celery.<br />\n<br />\nWork conditions:<br />\n1. Constant remote work (It does not matter where you live) <br />\n2. Hourly rate<br />\n3. Free schedule<br />\n4. Work on large web-projects and corporate projects.<br />\n<br />\nPlease give us your @gmail address to send you a trial task within your application. We also need your skype and CV.<br />\n<br />\nATTENTION! Provide your cover letter in English only. Odesk doesn&#039;t accept Russian.<br />\n<br />\nLooking forward to hearing from you!<br /><br /><b>Posted On</b>: August 18, 2014 10:23 UTC<br /><b>ID</b>: 204414594<br /><b>Category</b>: Software Development &gt; Other - Software Development<br /><b>Skills</b>: Array, Array, Array, Array, Array<br /><b>Country</b>: <br /><a href=\"https://www.odesk.com/jobs/Django-Python-developer-Russian-speakers-only_%7E01b34f82f08c12d0c6?source=rss\">click to apply</a>',0.00,'','August 18, 2014 10:23 UTC',21,0,'Mon, 18 Aug 2014 10:23:28 +0000',1,1,'',1,0,0,1,0,0),(58,'','http://127.0.0.1/dev/beri/admin/leads','Create ERP-4','Demo demo demo demo demo',100.00,'$100','',0,0,'',3,1,'',1,0,5,2,1408716281,1408716281),(59,'','http://127.0.0.1/dev/beri/admin/leads','Create ERP-3','Demo demo demo demo demo',200.00,'$200','',0,0,'',3,1,'',1,0,5,2,1408716410,1408716410),(87,'61323083','https://www.elance.com/j/wordpress-expert/61323083/','Need WordPress EXPERT. | Elance Job','\n 	I\'m looking for a WordPress expert who can set up or teach me how to set up WordPress to build a &quot;document resources&quot; site. Please see more detailed of an example in the attached Doc.  The Requirement, to summarize, is to show me how to use...\n    <br /> <br />\n    <b>Category:</b> IT &amp; Programming > Blog Programming <br />\n    <b>Type and Budget:</b> Hourly (Not Sure)<br />\n    <b>Time Left:</b> Ends: 14d, 23h (Ends Tue, 09 Sep 2014 07:46:41 EDT) <br />\n    <b>Start Date:</b> 25 Aug 2014 <br />\n    <b>Proposals:</b> 0 (<a href=\"https://www.elance.com/php/landing/main/login.php?assumePreviousLogin=1&amp;redirect=https%3A%2F%2Fwww.elance.com%2Fr%2Fjobs%2Fq-php%3FshowUpgradeModelIfFreeMember%3D1\">login</a>) <br />\n    <b>Client:</b> Client (11 jobs posted, 91% awarded, $36679 total purchased, Payment Method Verified) <br />\n    <b>Client Location:</b> Fountain Valley, California, United States <br />\n        <b>Desired Skills:</b> CSS  PHP  WordPress <br />\n    <b>Job ID:</b> 61323083 <br/> <br/>\n    <a href=\"https://www.elance.com/j/wordpress-expert/61323083/\">View job &raquo;</a>\n',0.00,'Hourly (Not Sure)','25 Aug 2014',23,0,'Mon, 25 Aug 2014 07:46:41 EDT',2,1,'',1,0,0,1,0,0),(88,'61322860','https://www.elance.com/j/wordpress-website-design-development/61322860/','Wordpress Website Design & Development | Elance Job','\n 	We are in need of a fully functional website with WordPress access to control the content that appears on the pages of site. The site will have roughly 10 to 12 pages of content.  Design should stick to kind of like a classic business design but with...\n    <br /> <br />\n    <b>Category:</b> IT &amp; Programming > Website Design <br />\n    <b>Type and Budget:</b> Fixed Price (Not Sure)<br />\n    <b>Time Left:</b> Ends: 14d, 23h (Ends Tue, 09 Sep 2014 07:41:23 EDT) <br />\n    <b>Start Date:</b> 25 Aug 2014 <br />\n    <b>Proposals:</b> 0 (<a href=\"https://www.elance.com/php/landing/main/login.php?assumePreviousLogin=1&amp;redirect=https%3A%2F%2Fwww.elance.com%2Fr%2Fjobs%2Fq-php%3FshowUpgradeModelIfFreeMember%3D1\">login</a>) <br />\n    <b>Client:</b> Client (7 jobs posted, 43% awarded, $$1 - $500 total purchased, Payment Method Verified) <br />\n    <b>Client Location:</b> Ahmedabad, Gujarat, India <br />\n        <b>Desired Skills:</b> CSS  HTML  PHP  WordPress  PSD to Wordpress <br />\n    <b>Job ID:</b> 61322860 <br/> <br/>\n    <a href=\"https://www.elance.com/j/wordpress-website-design-development/61322860/\">View job &raquo;</a>\n',0.00,'Fixed Price (Not Sure)','25 Aug 2014',24,0,'Mon, 25 Aug 2014 07:41:23 EDT',2,1,'',1,0,0,1,0,0),(89,'61322693','https://www.elance.com/j/customize-website/61322693/','customize website | Elance Job','\n 	i want to buy one of this 2 template :<span class=\"obscureText\" title=\"Login to see this URL\">&nbsp;&nbsp;[obscured]&nbsp;&nbsp;</span>/demo/?theme=Gleam <span class=\"obscureText\" title=\"Login to see this...\n    <br /> <br />\n    <b>Category:</b> IT &amp; Programming > Website Design <br />\n    <b>Type and Budget:</b> Fixed Price ($40 - $60)<br />\n    <b>Time Left:</b> Ends: 14d, 23h (Ends Tue, 09 Sep 2014 07:36:59 EDT) <br />\n    <b>Start Date:</b> 25 Aug 2014 <br />\n    <b>Proposals:</b> 22 (<a href=\"https://www.elance.com/php/landing/main/login.php?assumePreviousLogin=1&amp;redirect=https%3A%2F%2Fwww.elance.com%2Fr%2Fjobs%2Fq-php%3FshowUpgradeModelIfFreeMember%3D1\">login</a>) <br />\n    <b>Client:</b> Client (27 jobs posted, 52% awarded, $264 total purchased, Payment Method Verified) <br />\n    <b>Client Location:</b> , , Kuwait <br />\n        <b>Desired Skills:</b> HTML  PHP  WordPress <br />\n    <b>Job ID:</b> 61322693 <br/> <br/>\n    <a href=\"https://www.elance.com/j/customize-website/61322693/\">View job &raquo;</a>\n',0.00,'Fixed Price ($40 - $60)','25 Aug 2014',24,0,'Mon, 25 Aug 2014 07:36:59 EDT',2,1,'',1,0,0,1,0,0),(90,'61322636','https://www.elance.com/j/joomshopping-module-x-x-migration/61322636/','Joomshopping module 3.x to 4.x migration | Elance Job','\n 	Take an existing plugin, and make it installable in 4.x.  The module for 3.x can be used as reference, and is working. I can provide you with existing module, that can be tested in 3.x.  No new functionality, pure porting. So its a simple task, for...\n    <br /> <br />\n    <b>Category:</b> IT &amp; Programming > Web Programming <br />\n    <b>Type and Budget:</b> Fixed Price (Less than $500)<br />\n    <b>Time Left:</b> Ends: 14d, 23h (Ends Tue, 09 Sep 2014 07:35:40 EDT) <br />\n    <b>Start Date:</b> 25 Aug 2014 <br />\n    <b>Proposals:</b> 0 (<a href=\"https://www.elance.com/php/landing/main/login.php?assumePreviousLogin=1&amp;redirect=https%3A%2F%2Fwww.elance.com%2Fr%2Fjobs%2Fq-php%3FshowUpgradeModelIfFreeMember%3D1\">login</a>) <br />\n    <b>Client:</b> Client (32 jobs posted, 69% awarded, $5180 total purchased, Payment Method Verified) <br />\n    <b>Client Location:</b> Randers NV, Jutland,  <br />\n        <b>Desired Skills:</b> MySQL Administration  HTML  PHP <br />\n    <b>Job ID:</b> 61322636 <br/> <br/>\n    <a href=\"https://www.elance.com/j/joomshopping-module-x-x-migration/61322636/\">View job &raquo;</a>\n',0.00,'Fixed Price (Less than $500)','25 Aug 2014',25,0,'Mon, 25 Aug 2014 07:35:40 EDT',2,1,'',1,0,0,1,0,0),(91,'61322105','https://www.elance.com/j/blog-page-design/61322105/','Blog page design | Elance Job','\n 	The blog of our website <span class=\"obscureText\" title=\"Login to see this URL\">&nbsp;&nbsp;[obscured]&nbsp;&nbsp;</span> to be designed as per the attached guidelines.\n    <br /> <br />\n    <b>Category:</b> IT &amp; Programming > Blog Programming <br />\n    <b>Type and Budget:</b> Fixed Price (Less than $500)<br />\n    <b>Time Left:</b> Ends: 14d, 23h (Ends Tue, 09 Sep 2014 07:23:31 EDT) <br />\n    <b>Start Date:</b> 25 Aug 2014 <br />\n    <b>Proposals:</b> 8 (<a href=\"https://www.elance.com/php/landing/main/login.php?assumePreviousLogin=1&amp;redirect=https%3A%2F%2Fwww.elance.com%2Fr%2Fjobs%2Fq-php%3FshowUpgradeModelIfFreeMember%3D1\">login</a>) <br />\n    <b>Client:</b> Client (23 jobs posted, 70% awarded, $838 total purchased, Payment Method Verified) <br />\n    <b>Client Location:</b> Sydney, New South Wales, Australia <br />\n        <b>Desired Skills:</b> CSS  PHP  WordPress <br />\n    <b>Job ID:</b> 61322105 <br/> <br/>\n    <a href=\"https://www.elance.com/j/blog-page-design/61322105/\">View job &raquo;</a>\n',0.00,'Fixed Price (Less than $500)','25 Aug 2014',23,0,'Mon, 25 Aug 2014 07:23:31 EDT',2,1,'',1,0,0,1,0,0),(92,'61318323','https://www.elance.com/j/website-re-design-wordpress/61318323/','website re-design (wordpress) | Elance Job','\n 	I have a company website that was developed in adobe catalyst. I am wanting to develop it in wordpress. I need someone that is creative. and what the site to be very innovative as it is a technology company. I am also looking for graphic designers to...\n    <br /> <br />\n    <b>Category:</b> IT &amp; Programming > Website Design <br />\n    <b>Type and Budget:</b> Fixed Price (Not Sure)<br />\n    <b>Time Left:</b> Ends: 2d, 23h (Ends Thu, 28 Aug 2014 07:21:37 EDT) <br />\n    <b>Start Date:</b> 25 Aug 2014 <br />\n    <b>Proposals:</b> 2 (<a href=\"https://www.elance.com/php/landing/main/login.php?assumePreviousLogin=1&amp;redirect=https%3A%2F%2Fwww.elance.com%2Fr%2Fjobs%2Fq-php%3FshowUpgradeModelIfFreeMember%3D1\">login</a>) <br />\n    <b>Client:</b> Client (0 jobs posted, 0% awarded, $0 total purchased, Payment Method Not Verified) <br />\n    <b>Client Location:</b> , , Australia <br />\n        <b>Desired Skills:</b> CSS  HTML  PHP <br />\n    <b>Job ID:</b> 61318323 <br/> <br/>\n    <a href=\"https://www.elance.com/j/website-re-design-wordpress/61318323/\">View job &raquo;</a>\n',0.00,'Fixed Price (Not Sure)','25 Aug 2014',24,0,'Mon, 25 Aug 2014 07:21:37 EDT',2,1,'',1,0,0,1,0,0),(93,'61321975','https://www.elance.com/j/custom-wordpress-template-an-authority-site/61321975/','Custom Wordpress Template For An Authority Site | Elance Job','\n 	Hello,  Right now my website is using the gantry framework. However, this framework is very heavy on the server and too many features I really don\'t need.  I am looking for someone / company that have decent experiences with creating awesome looking...\n    <br /> <br />\n    <b>Category:</b> IT &amp; Programming > Website Design <br />\n    <b>Type and Budget:</b> Fixed Price (Not Sure)<br />\n    <b>Time Left:</b> Ends: 14d, 23h (Ends Tue, 09 Sep 2014 07:20:28 EDT) <br />\n    <b>Start Date:</b> 25 Aug 2014 <br />\n    <b>Proposals:</b> 2 (<a href=\"https://www.elance.com/php/landing/main/login.php?assumePreviousLogin=1&amp;redirect=https%3A%2F%2Fwww.elance.com%2Fr%2Fjobs%2Fq-php%3FshowUpgradeModelIfFreeMember%3D1\">login</a>) <br />\n    <b>Client:</b> Client (46 jobs posted, 67% awarded, $above $5000 total purchased, Payment Method Verified) <br />\n    <b>Client Location:</b> , , Netherlands <br />\n        <b>Desired Skills:</b> CSS  HTML  PHP  WordPress <br />\n    <b>Job ID:</b> 61321975 <br/> <br/>\n    <a href=\"https://www.elance.com/j/custom-wordpress-template-an-authority-site/61321975/\">View job &raquo;</a>\n',0.00,'Fixed Price (Not Sure)','25 Aug 2014',24,0,'Mon, 25 Aug 2014 07:20:28 EDT',2,1,'',1,0,0,1,0,0),(94,'61321792','https://www.elance.com/j/first-package-new-service-lamp-connection-zoho-campaings/61321792/','First package for new service - LAMP, with connection to Zoho Campaings | Elance Job','\n 	Looking for a developer for development of first simple package in new project. First GitHub fork!  Linux, Apache, PHP, MySQL on Amazon AWS. Requires knowledge of Zoho Campaigns API. GitHub source control.  Outputs: PHP script for HTML pages for first...\n    <br /> <br />\n    <b>Category:</b> IT &amp; Programming > Web Programming <br />\n    <b>Type and Budget:</b> Fixed Price (Not Sure)<br />\n    <b>Time Left:</b> Ends: 14d, 22h (Ends Tue, 09 Sep 2014 07:15:10 EDT) <br />\n    <b>Start Date:</b> 25 Aug 2014 <br />\n    <b>Proposals:</b> 0 (<a href=\"https://www.elance.com/php/landing/main/login.php?assumePreviousLogin=1&amp;redirect=https%3A%2F%2Fwww.elance.com%2Fr%2Fjobs%2Fq-php%3FshowUpgradeModelIfFreeMember%3D1\">login</a>) <br />\n    <b>Client:</b> Client (1 jobs posted, 100% awarded, $18 total purchased, Payment Method Verified) <br />\n    <b>Client Location:</b> Brookmans Park, Hertfordshire, United Kingdom <br />\n        <b>Desired Skills:</b> PHP  MySQL Programming  GitHub  Zoho CRM <br />\n    <b>Job ID:</b> 61321792 <br/> <br/>\n    <a href=\"https://www.elance.com/j/first-package-new-service-lamp-connection-zoho-campaings/61321792/\">View job &raquo;</a>\n',0.00,'Fixed Price (Not Sure)','25 Aug 2014',25,0,'Mon, 25 Aug 2014 07:15:10 EDT',2,1,'',1,0,0,1,0,0),(95,'61321771','https://www.elance.com/j/static-html-wordpress-theme-responsive/61321771/','Static HTML to Wordpress Theme (responsive) | Elance Job','\n 	I need you to convert a html site to a Wordpress Theme. The html code will be provided  features: - Shortcodes for grid layout - responsive design  - Headerbanner for pages via postthumbnail  Skills you need: HTML/CSS, JavaScript, jQuery, PHP, MySQL,...\n    <br /> <br />\n    <b>Category:</b> IT &amp; Programming > Web Programming <br />\n    <b>Type and Budget:</b> Fixed Price ($50 - $150)<br />\n    <b>Time Left:</b> Ends: 6d, 22h (Ends Mon, 01 Sep 2014 07:14:46 EDT) <br />\n    <b>Start Date:</b> 25 Aug 2014 <br />\n    <b>Proposals:</b> 43 (<a href=\"https://www.elance.com/php/landing/main/login.php?assumePreviousLogin=1&amp;redirect=https%3A%2F%2Fwww.elance.com%2Fr%2Fjobs%2Fq-php%3FshowUpgradeModelIfFreeMember%3D1\">login</a>) <br />\n    <b>Client:</b> Client (1 jobs posted, 100% awarded, $1011 total purchased, Payment Method Verified) <br />\n    <b>Client Location:</b> Frankfurt, Hessen, Germany <br />\n        <b>Desired Skills:</b> CSS  HTML  PHP <br />\n    <b>Job ID:</b> 61321771 <br/> <br/>\n    <a href=\"https://www.elance.com/j/static-html-wordpress-theme-responsive/61321771/\">View job &raquo;</a>\n',0.00,'Fixed Price ($50 - $150)','25 Aug 2014',25,0,'Mon, 25 Aug 2014 07:14:46 EDT',2,1,'',1,0,0,1,0,0),(96,'61321423','https://www.elance.com/j/work-our-house-graphic-designer-develop-an-e-commerce-site/61321423/','Work with our in house graphic designer to develop an e-commerce site | Elance Job','\n 	We are looking to get a team together to design a website for our bike business. We are a newly opened high end bike shop with bike fitting and high level workshop. We have an in house graphic designer who will provide support on this project.   We can...\n    <br /> <br />\n    <b>Category:</b> IT &amp; Programming > Web Programming <br />\n    <b>Type and Budget:</b> Hourly ($10 - $15 / hr)<br />\n    <b>Time Left:</b> Ends: 14d, 22h (Ends Tue, 09 Sep 2014 07:13:00 EDT) <br />\n    <b>Start Date:</b> 25 Aug 2014 <br />\n    <b>Proposals:</b> 23 (<a href=\"https://www.elance.com/php/landing/main/login.php?assumePreviousLogin=1&amp;redirect=https%3A%2F%2Fwww.elance.com%2Fr%2Fjobs%2Fq-php%3FshowUpgradeModelIfFreeMember%3D1\">login</a>) <br />\n    <b>Client:</b> Client (0 jobs posted, 0% awarded, $0 total purchased, Payment Method Not Verified) <br />\n    <b>Client Location:</b> , , Ireland <br />\n        <b>Desired Skills:</b> MySQL Administration  HTML  PHP <br />\n    <b>Job ID:</b> 61321423 <br/> <br/>\n    <a href=\"https://www.elance.com/j/work-our-house-graphic-designer-develop-an-e-commerce-site/61321423/\">View job &raquo;</a>\n',0.00,'Hourly ($10 - $15 / hr)','25 Aug 2014',25,0,'Mon, 25 Aug 2014 07:13:00 EDT',2,1,'',1,0,0,1,0,0),(97,'61321540','https://www.elance.com/j/micro-circut-programing/61321540/','Micro circut programing | Elance Job','\n 	i have a new circuit developed, based on the Amatel 3xx line of CPU.  I need someone to write the firmware and create reference library/ so i can do the high level programing on it.    for example, i what ti to boot and load a config file from sd card,...\n    <br /> <br />\n    <b>Category:</b> IT &amp; Programming > Other IT &amp; Programming <br />\n    <b>Type and Budget:</b> Fixed Price (Less than $500)<br />\n    <b>Time Left:</b> Ends: 14d, 22h (Ends Tue, 09 Sep 2014 07:10:06 EDT) <br />\n    <b>Start Date:</b> 25 Aug 2014 <br />\n    <b>Proposals:</b> 0 (<a href=\"https://www.elance.com/php/landing/main/login.php?assumePreviousLogin=1&amp;redirect=https%3A%2F%2Fwww.elance.com%2Fr%2Fjobs%2Fq-php%3FshowUpgradeModelIfFreeMember%3D1\">login</a>) <br />\n    <b>Client:</b> Client (2 jobs posted, 50% awarded, $850 total purchased, Payment Method Verified) <br />\n    <b>Client Location:</b> , , South Africa <br />\n        <b>Desired Skills:</b> C  MySQL Administration  PHP  amatell <br />\n    <b>Job ID:</b> 61321540 <br/> <br/>\n    <a href=\"https://www.elance.com/j/micro-circut-programing/61321540/\">View job &raquo;</a>\n',0.00,'Fixed Price (Less than $500)','25 Aug 2014',26,0,'Mon, 25 Aug 2014 07:10:06 EDT',2,1,'',1,0,0,1,0,0),(98,'61321425','https://www.elance.com/j/web-scraping-wordpress-website/61321425/','Web Scraping & Wordpress Website | Elance Job','\n 	We are looking for some strong company that will be able to make easy the following:  - Webscrapping from a huge website - Content translation using Google Translate API - Insert contents in a Wordpress website - Develop some adicional small features...\n    <br /> <br />\n    <b>Category:</b> IT &amp; Programming > Web Programming <br />\n    <b>Type and Budget:</b> Fixed Price ($1,000 - $2,500)<br />\n    <b>Time Left:</b> Ends: 14d, 22h (Ends Tue, 09 Sep 2014 07:07:20 EDT) <br />\n    <b>Start Date:</b> 25 Aug 2014 <br />\n    <b>Proposals:</b> 15 (<a href=\"https://www.elance.com/php/landing/main/login.php?assumePreviousLogin=1&amp;redirect=https%3A%2F%2Fwww.elance.com%2Fr%2Fjobs%2Fq-php%3FshowUpgradeModelIfFreeMember%3D1\">login</a>) <br />\n    <b>Client:</b> Client (18 jobs posted, 44% awarded, $5015 total purchased, Payment Method Verified) <br />\n    <b>Client Location:</b> Palma De Mallorca, Islas Baleares, Spain <br />\n    <b>Preferred Job Location:</b> North America, Western Europe, Eastern Europe, Central &amp; South America <br />    <b>Desired Skills:</b> MySQL Administration  HTML  PHP  WordPress  Web scraping <br />\n    <b>Job ID:</b> 61321425 <br/> <br/>\n    <a href=\"https://www.elance.com/j/web-scraping-wordpress-website/61321425/\">View job &raquo;</a>\n',0.00,'Fixed Price ($1,000 - $2,500)','25 Aug 2014',25,0,'Mon, 25 Aug 2014 07:07:20 EDT',2,1,'',1,0,0,1,0,0),(99,'61321376','https://www.elance.com/j/automatic-twitter-script/61321376/','Automatic Twitter Script | Elance Job','\n 	Hello,  Looking for a small script or app to use on my mobile phone or desktop.  I want it to search for certain key words in Twitter every 5 minutes, and then create a tweet directed to the person who composed the tweet, a randomly selected message...\n    <br /> <br />\n    <b>Category:</b> IT &amp; Programming > Web Programming <br />\n    <b>Type and Budget:</b> Fixed Price (Less than $500)<br />\n    <b>Time Left:</b> Ends: 22h, 45m (Ends Tue, 26 Aug 2014 07:06:17 EDT) <br />\n    <b>Start Date:</b> 25 Aug 2014 <br />\n    <b>Proposals:</b> 1 (<a href=\"https://www.elance.com/php/landing/main/login.php?assumePreviousLogin=1&amp;redirect=https%3A%2F%2Fwww.elance.com%2Fr%2Fjobs%2Fq-php%3FshowUpgradeModelIfFreeMember%3D1\">login</a>) <br />\n    <b>Client:</b> Client (5 jobs posted, 100% awarded, $550 total purchased, Payment Method Verified) <br />\n    <b>Client Location:</b> Fairfield West, NSW, Australia <br />\n        <b>Desired Skills:</b> HTML  PHP  Twitter API  Twitter Marketing  Twitter Bootstrap <br />\n    <b>Job ID:</b> 61321376 <br/> <br/>\n    <a href=\"https://www.elance.com/j/automatic-twitter-script/61321376/\">View job &raquo;</a>\n',0.00,'Fixed Price (Less than $500)','25 Aug 2014',25,0,'Mon, 25 Aug 2014 07:06:17 EDT',2,1,'',1,0,0,1,0,0),(100,'61321145','https://www.elance.com/j/quick-javascript-help-needed/61321145/','quick javascript help needed | Elance Job','\n 	Hi there,  I need some quick help on a javascript script i am working on.  It should not take more than 30 minutes. I am too a programmer so will walk you through it.\n    <br /> <br />\n    <b>Category:</b> IT &amp; Programming > Web Programming <br />\n    <b>Type and Budget:</b> Fixed Price ($20 - $40)<br />\n    <b>Time Left:</b> Ends: 14d, 22h (Ends Tue, 09 Sep 2014 07:00:47 EDT) <br />\n    <b>Start Date:</b> 25 Aug 2014 <br />\n    <b>Proposals:</b> 11 (<a href=\"https://www.elance.com/php/landing/main/login.php?assumePreviousLogin=1&amp;redirect=https%3A%2F%2Fwww.elance.com%2Fr%2Fjobs%2Fq-php%3FshowUpgradeModelIfFreeMember%3D1\">login</a>) <br />\n    <b>Client:</b> Client (144 jobs posted, 46% awarded, $10912 total purchased, Payment Method Verified) <br />\n    <b>Client Location:</b> London, England, United Kingdom <br />\n        <b>Desired Skills:</b> MySQL Administration  Javascript  PHP <br />\n    <b>Job ID:</b> 61321145 <br/> <br/>\n    <a href=\"https://www.elance.com/j/quick-javascript-help-needed/61321145/\">View job &raquo;</a>\n',0.00,'Fixed Price ($20 - $40)','25 Aug 2014',25,0,'Mon, 25 Aug 2014 07:00:47 EDT',2,1,'',1,0,0,1,0,0),(101,'61320897','https://www.elance.com/j/online-ecommerce-store-website/61320897/','Online Ecommerce store/website | Elance Job','\n 	Hello All,  We are looking for Magento web designer/developer who can design and build online furniture store in magento. we have hundred of products that we want to manage our self. we heard magento might be the best for managing it.  Look forward to...\n    <br /> <br />\n    <b>Category:</b> IT &amp; Programming > Web Programming <br />\n    <b>Type and Budget:</b> Fixed Price (Not Sure)<br />\n    <b>Time Left:</b> Ends: 14d, 22h (Ends Tue, 09 Sep 2014 06:54:14 EDT) <br />\n    <b>Start Date:</b> 25 Aug 2014 <br />\n    <b>Proposals:</b> 27 (<a href=\"https://www.elance.com/php/landing/main/login.php?assumePreviousLogin=1&amp;redirect=https%3A%2F%2Fwww.elance.com%2Fr%2Fjobs%2Fq-php%3FshowUpgradeModelIfFreeMember%3D1\">login</a>) <br />\n    <b>Client:</b> Client (7 jobs posted, 43% awarded, $$1 - $500 total purchased, Payment Method Verified) <br />\n    <b>Client Location:</b> Ahmedabad, Gujarat, India <br />\n        <b>Desired Skills:</b> MySQL Administration  HTML  PHP  Magento <br />\n    <b>Job ID:</b> 61320897 <br/> <br/>\n    <a href=\"https://www.elance.com/j/online-ecommerce-store-website/61320897/\">View job &raquo;</a>\n',0.00,'Fixed Price (Not Sure)','25 Aug 2014',25,0,'Mon, 25 Aug 2014 06:54:14 EDT',2,1,'',1,0,0,1,0,0),(102,'61320796','https://www.elance.com/j/rokquickcart-ordering-list/61320796/','RokQuickCart Ordering List | Elance Job','\n 	The target is to modify RokQuickCart component extension of Joomla 3.3 to change the online ways of payment into pdf ordering list and get sent to seller and buyer emails (php mail...). It is required the customer can essily add the following personal...\n    <br /> <br />\n    <b>Category:</b> IT &amp; Programming > Web Programming <br />\n    <b>Type and Budget:</b> Fixed Price ($30 - $50)<br />\n    <b>Time Left:</b> Ends: 14d, 22h (Ends Tue, 09 Sep 2014 06:52:21 EDT) <br />\n    <b>Start Date:</b> 25 Aug 2014 <br />\n    <b>Proposals:</b> 0 (<a href=\"https://www.elance.com/php/landing/main/login.php?assumePreviousLogin=1&amp;redirect=https%3A%2F%2Fwww.elance.com%2Fr%2Fjobs%2Fq-php%3FshowUpgradeModelIfFreeMember%3D1\">login</a>) <br />\n    <b>Client:</b> Client (0 jobs posted, 0% awarded, $0 total purchased, Payment Method Not Verified) <br />\n    <b>Client Location:</b> , , Spain <br />\n        <b>Desired Skills:</b> MySQL Administration  HTML  Javascript  Joomla!  PHP <br />\n    <b>Job ID:</b> 61320796 <br/> <br/>\n    <a href=\"https://www.elance.com/j/rokquickcart-ordering-list/61320796/\">View job &raquo;</a>\n',0.00,'Fixed Price ($30 - $50)','25 Aug 2014',25,0,'Mon, 25 Aug 2014 06:52:21 EDT',2,1,'',1,0,0,1,0,0),(103,'61320656','https://www.elance.com/j/php-developer-needed/61320656/','PHP developer needed | Elance Job','\n 	I need a php who can help with developing part of a web app. I need some one who can create a script that will let a user log into Google webmaster tools and pull the keywords and crawl issues data.  The data can then be stored as variables and i will...\n    <br /> <br />\n    <b>Category:</b> IT &amp; Programming > Web Programming <br />\n    <b>Type and Budget:</b> Fixed Price (Less than $500)<br />\n    <b>Time Left:</b> Ends: 14d, 22h (Ends Tue, 09 Sep 2014 06:48:15 EDT) <br />\n    <b>Start Date:</b> 25 Aug 2014 <br />\n    <b>Proposals:</b> 8 (<a href=\"https://www.elance.com/php/landing/main/login.php?assumePreviousLogin=1&amp;redirect=https%3A%2F%2Fwww.elance.com%2Fr%2Fjobs%2Fq-php%3FshowUpgradeModelIfFreeMember%3D1\">login</a>) <br />\n    <b>Client:</b> Client (53 jobs posted, 53% awarded, $1250 total purchased, Payment Method Verified) <br />\n    <b>Client Location:</b> Edinburgh, Midlothian, United Kingdom <br />\n        <b>Desired Skills:</b> PHP  google api <br />\n    <b>Job ID:</b> 61320656 <br/> <br/>\n    <a href=\"https://www.elance.com/j/php-developer-needed/61320656/\">View job &raquo;</a>\n',0.00,'Fixed Price (Less than $500)','25 Aug 2014',25,0,'Mon, 25 Aug 2014 06:48:15 EDT',2,1,'',1,0,0,1,0,0),(104,'61320565','https://www.elance.com/j/website-designer/61320565/','Website Designer | Elance Job','\n 	Advanced Computer Skills Creative Web Design Create Private Groups Within The Website And Private Chatroom Create a Wall Where Uploaded Documents Are Reviewed By Website Host Before Being Published Buy And Sell Section Linked Via Paypal Or Credit/Debit...\n    <br /> <br />\n    <b>Category:</b> IT &amp; Programming > Web Programming <br />\n    <b>Type and Budget:</b> Hourly (Not Sure)<br />\n    <b>Time Left:</b> Ends: 29d, 22h (Ends Wed, 24 Sep 2014 06:45:30 EDT) <br />\n    <b>Start Date:</b> 25 Aug 2014 <br />\n    <b>Proposals:</b> 14 (<a href=\"https://www.elance.com/php/landing/main/login.php?assumePreviousLogin=1&amp;redirect=https%3A%2F%2Fwww.elance.com%2Fr%2Fjobs%2Fq-php%3FshowUpgradeModelIfFreeMember%3D1\">login</a>) <br />\n    <b>Client:</b> Client (0 jobs posted, 0% awarded, $0 total purchased, Payment Method Not Verified) <br />\n    <b>Client Location:</b> , , United Kingdom <br />\n        <b>Desired Skills:</b> CSS  HTML  Javascript  PHP <br />\n    <b>Job ID:</b> 61320565 <br/> <br/>\n    <a href=\"https://www.elance.com/j/website-designer/61320565/\">View job &raquo;</a>\n',0.00,'Hourly (Not Sure)','25 Aug 2014',25,0,'Mon, 25 Aug 2014 06:45:30 EDT',2,1,'',1,0,0,1,0,0),(105,'61320536','https://www.elance.com/j/current-web-site-updating-optimization-experienced-developer-required/61320536/','Current Web Site Updating and Optimization. Experienced Developer Required | Elance Job','\n 	We need to do the following things to our current web site in order to make it more SEO friendly and user friendly. We invite experienced freelancers only to do this job quickly efficiently.   ?	Improving the page speed of website. The website speed is...\n    <br /> <br />\n    <b>Category:</b> IT &amp; Programming > Web Programming <br />\n    <b>Type and Budget:</b> Fixed Price (Not Sure)<br />\n    <b>Time Left:</b> Ends: 14d, 22h (Ends Tue, 09 Sep 2014 06:44:47 EDT) <br />\n    <b>Start Date:</b> 25 Aug 2014 <br />\n    <b>Proposals:</b> 9 (<a href=\"https://www.elance.com/php/landing/main/login.php?assumePreviousLogin=1&amp;redirect=https%3A%2F%2Fwww.elance.com%2Fr%2Fjobs%2Fq-php%3FshowUpgradeModelIfFreeMember%3D1\">login</a>) <br />\n    <b>Client:</b> Client (3 jobs posted, 67% awarded, $315 total purchased, Payment Method Verified) <br />\n    <b>Client Location:</b> Elstree, Hertfordshire, United Kingdom <br />\n        <b>Desired Skills:</b> MySQL Administration  HTML  PHP  Web Design  Web Development <br />\n    <b>Job ID:</b> 61320536 <br/> <br/>\n    <a href=\"https://www.elance.com/j/current-web-site-updating-optimization-experienced-developer-required/61320536/\">View job &raquo;</a>\n',0.00,'Fixed Price (Not Sure)','25 Aug 2014',25,0,'Mon, 25 Aug 2014 06:44:47 EDT',2,1,'',1,0,0,1,0,0),(106,'61320521','https://www.elance.com/j/osclass-bender-theme-customization/61320521/','osclass bender theme customization | Elance Job','\n 	need a php programmer to customise my osclass website....for payment gate way..  I need to cutomize my paypal plugin of osclass..\n    <br /> <br />\n    <b>Category:</b> IT &amp; Programming > Website Design <br />\n    <b>Type and Budget:</b> Fixed Price (Less than $500)<br />\n    <b>Time Left:</b> Ends: 14d, 22h (Ends Tue, 09 Sep 2014 06:44:26 EDT) <br />\n    <b>Start Date:</b> 25 Aug 2014 <br />\n    <b>Proposals:</b> 2 (<a href=\"https://www.elance.com/php/landing/main/login.php?assumePreviousLogin=1&amp;redirect=https%3A%2F%2Fwww.elance.com%2Fr%2Fjobs%2Fq-php%3FshowUpgradeModelIfFreeMember%3D1\">login</a>) <br />\n    <b>Client:</b> Client (13 jobs posted, 31% awarded, $0 total purchased, Payment Method Verified) <br />\n    <b>Client Location:</b> Chennai, Tamil Nadu, India <br />\n        <b>Desired Skills:</b> HTML  PHP  WordPress <br />\n    <b>Job ID:</b> 61320521 <br/> <br/>\n    <a href=\"https://www.elance.com/j/osclass-bender-theme-customization/61320521/\">View job &raquo;</a>\n',0.00,'Fixed Price (Less than $500)','25 Aug 2014',24,0,'Mon, 25 Aug 2014 06:44:26 EDT',2,1,'',1,0,0,1,0,0),(107,'61320015','https://www.elance.com/j/up2date/61320015/','Up2date | Elance Job','\n 	Hi  I am Paul from Norway, i have a website called up2date-style.no. This is a webshop oof clothes and so on. This website is made in Joomla, but from the company i work for i receiwd a file,a livefeeder wich update the website automaticly , the only...\n    <br /> <br />\n    <b>Category:</b> IT &amp; Programming > Other IT &amp; Programming <br />\n    <b>Type and Budget:</b> Fixed Price ( $500 - $1,000)<br />\n    <b>Time Left:</b> Ends: 14d, 22h (Ends Tue, 09 Sep 2014 06:32:19 EDT) <br />\n    <b>Start Date:</b> 25 Aug 2014 <br />\n    <b>Proposals:</b> 5 (<a href=\"https://www.elance.com/php/landing/main/login.php?assumePreviousLogin=1&amp;redirect=https%3A%2F%2Fwww.elance.com%2Fr%2Fjobs%2Fq-php%3FshowUpgradeModelIfFreeMember%3D1\">login</a>) <br />\n    <b>Client:</b> Client (0 jobs posted, 0% awarded, $0 total purchased, Payment Method Not Verified) <br />\n    <b>Client Location:</b> , , Norway <br />\n        <b>Desired Skills:</b> MySQL Administration  HTML  PHP  3D Scanning  3D Rendering <br />\n    <b>Job ID:</b> 61320015 <br/> <br/>\n    <a href=\"https://www.elance.com/j/up2date/61320015/\">View job &raquo;</a>\n',0.00,'Fixed Price ( $500 - $1,000)','25 Aug 2014',26,0,'Mon, 25 Aug 2014 06:32:19 EDT',2,1,'',1,0,0,1,0,0),(108,'61320006','https://www.elance.com/j/new-version-of-website-new-design-functionalities-codeigniter/61320006/','New version of website (new design/functionalities) CodeIgniter | Elance Job','\n 	Important: this project uses CodeIgniter, if you don\'t know how to use it don\'t send me a proposal.  SmartHotel is a service that connects hotel\'s customers to a website where they can quickly see a list of suggested places. It could be anything, from...\n    <br /> <br />\n    <b>Category:</b> IT &amp; Programming > Web Programming <br />\n    <b>Type and Budget:</b> Fixed Price ( $500 - $1,000)<br />\n    <b>Time Left:</b> Ends: 14d, 22h (Ends Tue, 09 Sep 2014 06:32:08 EDT) <br />\n    <b>Start Date:</b> 25 Aug 2014 <br />\n    <b>Proposals:</b> 20 (<a href=\"https://www.elance.com/php/landing/main/login.php?assumePreviousLogin=1&amp;redirect=https%3A%2F%2Fwww.elance.com%2Fr%2Fjobs%2Fq-php%3FshowUpgradeModelIfFreeMember%3D1\">login</a>) <br />\n    <b>Client:</b> Client (3 jobs posted, 100% awarded, $529 total purchased, Payment Method Verified) <br />\n    <b>Client Location:</b> Saint-Malo, Brittany, France <br />\n        <b>Desired Skills:</b> MySQL Administration  HTML  PHP  CodeIgniter  Responsive Web Design <br />\n    <b>Job ID:</b> 61320006 <br/> <br/>\n    <a href=\"https://www.elance.com/j/new-version-of-website-new-design-functionalities-codeigniter/61320006/\">View job &raquo;</a>\n',0.00,'Fixed Price ( $500 - $1,000)','25 Aug 2014',25,0,'Mon, 25 Aug 2014 06:32:08 EDT',2,1,'',1,0,0,1,0,0),(109,'61318245','https://www.elance.com/j/phpfox-customization-work/61318245/','PhpFox customization work | Elance Job','\n 	Hello,  We need someone very experienced in PhpFox cms customization. Our project will require many modifications. Only apply if you have a deep knowledge of PhpFox cms and if you can provide us your portfolio of PhpFox past works.  More details will...\n    <br /> <br />\n    <b>Category:</b> IT &amp; Programming > Web Programming <br />\n    <b>Type and Budget:</b> Fixed Price (Not Sure)<br />\n    <b>Time Left:</b> Ends: 14d, 22h (Ends Tue, 09 Sep 2014 06:22:18 EDT) <br />\n    <b>Start Date:</b> 25 Aug 2014 <br />\n    <b>Proposals:</b> 2 (<a href=\"https://www.elance.com/php/landing/main/login.php?assumePreviousLogin=1&amp;redirect=https%3A%2F%2Fwww.elance.com%2Fr%2Fjobs%2Fq-php%3FshowUpgradeModelIfFreeMember%3D1\">login</a>) <br />\n    <b>Client:</b> Client (1 jobs posted, 0% awarded, $0 total purchased, Payment Method Not Verified) <br />\n    <b>Client Location:</b> , , United States <br />\n        <b>Desired Skills:</b> Javascript  PHP  CSS3 <br />\n    <b>Job ID:</b> 61318245 <br/> <br/>\n    <a href=\"https://www.elance.com/j/phpfox-customization-work/61318245/\">View job &raquo;</a>\n',0.00,'Fixed Price (Not Sure)','25 Aug 2014',25,0,'Mon, 25 Aug 2014 06:22:18 EDT',2,1,'',1,0,0,1,0,0),(110,'61319607','https://www.elance.com/j/seating-script-poker-tables/61319607/','Seating script at poker tables | Elance Job','\n 	Hello,  I am looking for someone who\'s able to create a software that will permit me to seat as fast as possible on the direct left or second direct left of unknown players or listed players at my poker tables.  Players are listed by a color code on...\n    <br /> <br />\n    <b>Category:</b> IT &amp; Programming > Other IT &amp; Programming <br />\n    <b>Type and Budget:</b> Fixed Price (Not Sure)<br />\n    <b>Time Left:</b> Ends: 14d, 22h (Ends Tue, 09 Sep 2014 06:21:03 EDT) <br />\n    <b>Start Date:</b> 25 Aug 2014 <br />\n    <b>Proposals:</b> 0 (<a href=\"https://www.elance.com/php/landing/main/login.php?assumePreviousLogin=1&amp;redirect=https%3A%2F%2Fwww.elance.com%2Fr%2Fjobs%2Fq-php%3FshowUpgradeModelIfFreeMember%3D1\">login</a>) <br />\n    <b>Client:</b> Client (0 jobs posted, 0% awarded, $0 total purchased, Payment Method Not Verified) <br />\n    <b>Client Location:</b> , , Thailand <br />\n        <b>Desired Skills:</b> MySQL Administration  HTML  PHP <br />\n    <b>Job ID:</b> 61319607 <br/> <br/>\n    <a href=\"https://www.elance.com/j/seating-script-poker-tables/61319607/\">View job &raquo;</a>\n',0.00,'Fixed Price (Not Sure)','25 Aug 2014',26,0,'Mon, 25 Aug 2014 06:21:03 EDT',2,1,'',1,0,0,1,0,0),(111,'61319505','https://www.elance.com/j/health-advocacy-app-post-tumblr/61319505/','Health Advocacy App - Post to tumblr | Elance Job','\n 	Job Description:  We\'re looking for a Web Developer to complete a photo posting web-app that has been partially built in Laravel and angular js  The app is simple - it allows a user to submit a photo and some information which we collect and store in a...\n    <br /> <br />\n    <b>Category:</b> IT &amp; Programming > Web Programming <br />\n    <b>Type and Budget:</b> Fixed Price (Less than $500)<br />\n    <b>Time Left:</b> Ends: 2d, 21h (Ends Thu, 28 Aug 2014 06:19:00 EDT) <br />\n    <b>Start Date:</b> 25 Aug 2014 <br />\n    <b>Proposals:</b> 1 (<a href=\"https://www.elance.com/php/landing/main/login.php?assumePreviousLogin=1&amp;redirect=https%3A%2F%2Fwww.elance.com%2Fr%2Fjobs%2Fq-php%3FshowUpgradeModelIfFreeMember%3D1\">login</a>) <br />\n    <b>Client:</b> Client (3 jobs posted, 67% awarded, $438 total purchased, Payment Method Verified) <br />\n    <b>Client Location:</b> , , United Kingdom <br />\n        <b>Desired Skills:</b> CSS  HTML  Javascript  PHP  AngularJS <br />\n    <b>Job ID:</b> 61319505 <br/> <br/>\n    <a href=\"https://www.elance.com/j/health-advocacy-app-post-tumblr/61319505/\">View job &raquo;</a>\n',0.00,'Fixed Price (Less than $500)','25 Aug 2014',25,0,'Mon, 25 Aug 2014 06:19:00 EDT',2,1,'',1,0,0,1,0,0);
/*!40000 ALTER TABLE `leads` ENABLE KEYS */;
UNLOCK TABLES;

--
-- Table structure for table `modules`
--

DROP TABLE IF EXISTS `modules`;
/*!40101 SET @saved_cs_client     = @@character_set_client */;
/*!40101 SET character_set_client = utf8 */;
CREATE TABLE `modules` (
  `id` int(8) unsigned NOT NULL AUTO_INCREMENT,
  `name` varchar(64) NOT NULL,
  `project_id` int(8) unsigned NOT NULL,
  `status` int(8) unsigned NOT NULL,
  `created` bigint(16) unsigned NOT NULL,
  `modified` bigint(16) unsigned NOT NULL,
  PRIMARY KEY (`id`)
) ENGINE=InnoDB AUTO_INCREMENT=14 DEFAULT CHARSET=latin1;
/*!40101 SET character_set_client = @saved_cs_client */;

--
-- Dumping data for table `modules`
--

LOCK TABLES `modules` WRITE;
/*!40000 ALTER TABLE `modules` DISABLE KEYS */;
INSERT INTO `modules` VALUES (3,'ACL',3,1,1365075382,1365075382),(4,'SampleKit',3,1,1365079049,1365079049),(5,'TailorKit',3,1,1365079258,1365079258),(6,'Documentation',3,1,1365247344,1365247344),(7,'Chrome Construct',4,1,1404821231,1404821231),(8,'DB Schema',4,1,1405008825,1405008825),(9,'Meals management',5,1,1407259278,1407259278),(10,'SALES',6,1,1408250002,1408250002),(11,'test2',1,1,1408460195,1408460195),(12,'Hours-management',6,1,1418032327,1418032327),(13,'Dealer Locator',4,1,1418038782,1418038782);
/*!40000 ALTER TABLE `modules` ENABLE KEYS */;
UNLOCK TABLES;

--
-- Table structure for table `projects`
--

DROP TABLE IF EXISTS `projects`;
/*!40101 SET @saved_cs_client     = @@character_set_client */;
/*!40101 SET character_set_client = utf8 */;
CREATE TABLE `projects` (
  `id` int(8) unsigned NOT NULL AUTO_INCREMENT,
  `client_id` int(8) unsigned NOT NULL,
  `user_id` int(11) NOT NULL,
  `lead_id` int(11) NOT NULL,
  `name` varchar(64) NOT NULL,
  `code` varchar(16) NOT NULL,
  `status` int(2) unsigned NOT NULL,
  `created` bigint(16) unsigned NOT NULL,
  `modified` bigint(16) unsigned NOT NULL,
  PRIMARY KEY (`id`)
) ENGINE=InnoDB AUTO_INCREMENT=20 DEFAULT CHARSET=latin1;
/*!40101 SET character_set_client = @saved_cs_client */;

--
-- Dumping data for table `projects`
--

LOCK TABLES `projects` WRITE;
/*!40000 ALTER TABLE `projects` DISABLE KEYS */;
INSERT INTO `projects` VALUES (1,0,0,0,'Eye verifi','EYE-VERIFI',0,1364303270,1364303270),(3,0,0,0,'Statement','STATEMENT',5,1364475093,1364475093),(4,0,0,0,'Car Qualifier','CAR-QUALIFIER',4,1404819375,1404819375),(5,0,0,0,'Meals project','MEAL-PRO',1,1407259151,1407259151),(6,0,0,0,'BERI','BERI',4,1408249974,1408249974),(7,0,0,0,'Check point','php',4,1408458548,1408458548),(17,0,5,1,'just','102',4,1408626537,1408626537),(18,0,6,5,'awe','123',3,1408633277,1408633277),(19,0,6,10,'asdf','123',4,1408633348,1408633348);
/*!40000 ALTER TABLE `projects` ENABLE KEYS */;
UNLOCK TABLES;

--
-- Table structure for table `sprints`
--

DROP TABLE IF EXISTS `sprints`;
/*!40101 SET @saved_cs_client     = @@character_set_client */;
/*!40101 SET character_set_client = utf8 */;
CREATE TABLE `sprints` (
  `id` int(8) unsigned NOT NULL AUTO_INCREMENT,
  `name` varchar(16) NOT NULL,
  `project_id` int(8) unsigned NOT NULL,
  `status` int(2) unsigned NOT NULL,
  `created` bigint(16) unsigned NOT NULL,
  `modified` bigint(16) unsigned NOT NULL,
  PRIMARY KEY (`id`)
) ENGINE=InnoDB AUTO_INCREMENT=16 DEFAULT CHARSET=latin1;
/*!40101 SET character_set_client = @saved_cs_client */;

--
-- Dumping data for table `sprints`
--

LOCK TABLES `sprints` WRITE;
/*!40000 ALTER TABLE `sprints` DISABLE KEYS */;
INSERT INTO `sprints` VALUES (1,'Sprint 0',3,1,1365158649,1365158649),(2,'Sprint 1',3,1,1365158671,1365158671),(3,'Sprint 2',3,1,1365158678,1365158678),(4,'Sprint 3',3,1,1365236454,1365236454),(5,'Sprint 4',3,1,1365247354,1365247354),(6,'Sprint 1',4,1,1404819396,1404819396),(7,'Sprint 2',4,1,1404819402,1404819402),(8,'Sprint 3',4,1,1404819407,1404819407),(9,'Sprint 4',4,1,1404819410,1404819410),(10,'Sprint 1',5,1,1407259201,1407259201),(11,'Sprint 2',5,1,1407259209,1407259209),(12,'Sprint 1',6,1,1408250065,1408250065),(13,'Sprint 2',6,1,1408250067,1408250067),(14,'Hours Management',6,1,1418032739,1418032739),(15,'Test',6,1,1418032861,1418032861);
/*!40000 ALTER TABLE `sprints` ENABLE KEYS */;
UNLOCK TABLES;

--
-- Table structure for table `sprints_tasks`
--

DROP TABLE IF EXISTS `sprints_tasks`;
/*!40101 SET @saved_cs_client     = @@character_set_client */;
/*!40101 SET character_set_client = utf8 */;
CREATE TABLE `sprints_tasks` (
  `id` int(8) unsigned NOT NULL AUTO_INCREMENT,
  `sprint_id` int(8) unsigned NOT NULL,
  `task_id` int(8) unsigned NOT NULL,
  PRIMARY KEY (`id`)
) ENGINE=InnoDB DEFAULT CHARSET=latin1;
/*!40101 SET character_set_client = @saved_cs_client */;

--
-- Dumping data for table `sprints_tasks`
--

LOCK TABLES `sprints_tasks` WRITE;
/*!40000 ALTER TABLE `sprints_tasks` DISABLE KEYS */;
/*!40000 ALTER TABLE `sprints_tasks` ENABLE KEYS */;
UNLOCK TABLES;

--
-- Table structure for table `tasks`
--

DROP TABLE IF EXISTS `tasks`;
/*!40101 SET @saved_cs_client     = @@character_set_client */;
/*!40101 SET character_set_client = utf8 */;
CREATE TABLE `tasks` (
  `id` int(8) unsigned NOT NULL AUTO_INCREMENT,
  `name` varchar(64) NOT NULL,
  `module_id` int(8) unsigned NOT NULL,
  `user_id` int(8) unsigned NOT NULL,
  `hours_allocated` varchar(4) NOT NULL,
  `status` int(2) unsigned NOT NULL,
  `created` bigint(16) unsigned NOT NULL,
  `modified` bigint(16) unsigned NOT NULL,
  PRIMARY KEY (`id`)
) ENGINE=MyISAM AUTO_INCREMENT=35 DEFAULT CHARSET=latin1;
/*!40101 SET character_set_client = @saved_cs_client */;

--
-- Dumping data for table `tasks`
--

LOCK TABLES `tasks` WRITE;
/*!40000 ALTER TABLE `tasks` DISABLE KEYS */;
INSERT INTO `tasks` VALUES (7,'Create Users',3,0,'9',1,1365075382,1365075382),(8,'Create Access areas',3,0,'9',1,1365075415,1365075415),(9,'Restricted Sidebar access',3,0,'9',1,1365075532,1365075532),(10,'List Fabrics, as per categories/sub-categories, on 1 page',4,0,'4',1,1365079050,1365079050),(11,'Filter Fabrics, based on color/type/new etc',4,0,'4',0,1365079107,1365079107),(12,'Add visiting days, location and time',5,0,'5',1,1365079259,1365079259),(13,'User can select a slot',5,0,'4',1,1365079286,1365079286),(14,'Admin > Documentation',6,0,'40',1,1365247344,1365247344),(15,'Generate table as UI for checking temporary table\'s StyleID data',7,0,'8',1,1404821231,1404821231),(16,'Run script to fetch records for 2013-2015',7,0,'24',1,1404821261,1404821261),(17,'Core DB Schema',8,0,'100',1,1405008825,1405008825),(18,'Informa Update',8,0,'10',1,1405008840,1405008840),(19,'Chrome Data API changes',8,0,'20',1,1405008852,1405008852),(20,'Chrome Construct API changes',8,0,'30',1,1405008861,1405008861),(21,'Equifax API changes',8,0,'30',1,1405008870,1405008870),(22,'Recurring meals',9,0,'16',1,1407259278,1407259278),(23,'Payment',9,0,'20',1,1407259388,1407259388),(24,'Authorize.net integration',9,0,'10',1,1407259413,1407259413),(25,'Create Sales User',10,0,'2',1,1408250002,1408250002),(26,'Create Sales dashboard',10,0,'2',1,1408250021,1408250021),(27,'Add lead form',10,0,'2',1,1408250033,1408250033),(28,'List Leads',10,0,'2',1,1408250040,1408250040),(29,'Update Lead',10,0,'2',1,1408250049,1408250049),(30,'test1',11,0,'4',1,1408460195,1408460195),(31,'test2',11,0,'2',1,1408460218,1408460218),(32,'Allocate tasks and hours to users',12,0,'1',1,1418032327,1418032327),(33,'Fix google maps issue',13,0,'5',1,1418038782,1418038782),(34,'Coordinate distance calculator',13,0,'3',1,1418038796,1418038796);
/*!40000 ALTER TABLE `tasks` ENABLE KEYS */;
UNLOCK TABLES;

--
-- Table structure for table `tasks_users`
--

DROP TABLE IF EXISTS `tasks_users`;
/*!40101 SET @saved_cs_client     = @@character_set_client */;
/*!40101 SET character_set_client = utf8 */;
CREATE TABLE `tasks_users` (
  `id` int(8) unsigned NOT NULL AUTO_INCREMENT,
  `task_id` int(8) unsigned NOT NULL,
  `user_id` int(8) unsigned NOT NULL,
  `hours` float unsigned NOT NULL,
  `status` int(4) NOT NULL DEFAULT '1',
  `created` bigint(16) unsigned NOT NULL,
  `modified` bigint(16) unsigned NOT NULL,
  PRIMARY KEY (`id`)
) ENGINE=InnoDB AUTO_INCREMENT=8 DEFAULT CHARSET=latin1;
/*!40101 SET character_set_client = @saved_cs_client */;

--
-- Dumping data for table `tasks_users`
--

LOCK TABLES `tasks_users` WRITE;
/*!40000 ALTER TABLE `tasks_users` DISABLE KEYS */;
INSERT INTO `tasks_users` VALUES (1,7,2,5,1,0,0),(2,25,2,0,1,1408538266,1408538266),(3,26,2,1,3,1408538266,1408538266),(4,0,0,0,1,1408539447,1408539447),(5,32,2,3,1,1418033043,1418033043),(6,33,6,0,1,1418038842,1418038842),(7,34,6,0,1,1418038842,1418038842);
/*!40000 ALTER TABLE `tasks_users` ENABLE KEYS */;
UNLOCK TABLES;

--
-- Table structure for table `users`
--

DROP TABLE IF EXISTS `users`;
/*!40101 SET @saved_cs_client     = @@character_set_client */;
/*!40101 SET character_set_client = utf8 */;
CREATE TABLE `users` (
  `id` int(8) unsigned NOT NULL AUTO_INCREMENT,
  `group_id` int(8) unsigned NOT NULL DEFAULT '3' COMMENT '1 => Admin, 2 => Manager, 3 => User,4=>Sale',
  `email` varchar(64) NOT NULL,
  `password` varchar(40) NOT NULL,
  `forgot_password_hash` varchar(40) NOT NULL,
  `first_name` varchar(32) NOT NULL,
  `last_name` varchar(32) NOT NULL,
  `dob` int(10) unsigned NOT NULL,
  `gender` int(2) unsigned NOT NULL DEFAULT '1',
  `avatar` varchar(45) NOT NULL,
  `active` int(2) unsigned NOT NULL,
  `modified` int(10) unsigned NOT NULL,
  `created` int(10) unsigned NOT NULL,
  PRIMARY KEY (`id`)
) ENGINE=InnoDB AUTO_INCREMENT=9 DEFAULT CHARSET=utf8;
/*!40101 SET character_set_client = @saved_cs_client */;

--
-- Dumping data for table `users`
--

LOCK TABLES `users` WRITE;
/*!40000 ALTER TABLE `users` DISABLE KEYS */;
INSERT INTO `users` VALUES (1,1,'admin@admin.com','d3cc83c6285d98f242044ffebb22937364784496','','Admin','',0,1,'d033e22ae348aeb5660fc2140aec35850c4da997',1,0,0),(2,4,'jdecode@gmail.com','b08947f8be862c4106279c4efad4b9e37adb8078','','Jagdeep','Singh',0,1,'',0,1358766438,1358766438),(3,3,'krishna.kumar.sqln@gmail.com','8e3ee9d5d3c305f9525b9cb6d284c5236c15c503','','Krishna','Kumar',0,1,'',0,1405008775,1405008775),(4,4,'pawan.pahuja@sympon.com','5b0a53f776a87c95ffc4089bb9ad33ef0e72ee81','','Pawan','Pahuja',0,1,'',0,1408250633,1408250633),(5,4,'arun.kumar@sympon.com','9265c009aab3b8bbc91c4decd2db1a660c64ec70','','Arun','Kumar',0,1,'',0,1408347373,1408347373),(6,4,'roshan.kumar@sympon.com','7c4a8d09ca3762af61e59520943dc26494f8941b','','Roshan','Prince',0,1,'',0,1408613864,1408613864),(7,4,'amit.bhatt@sympon.com','76b1832478b510fa51d4b2ef52dfd59ca0400db1','','amit','bhatt',0,1,'',0,1408971888,1408971888),(8,3,'sunilsand@gmail.com','7a55fce542b1c6adfb8106b3b182d806dc7ed240','','Sunil','Sandhu',0,1,'',0,1418101570,1418101570);
/*!40000 ALTER TABLE `users` ENABLE KEYS */;
UNLOCK TABLES;
/*!40103 SET TIME_ZONE=@OLD_TIME_ZONE */;

/*!40101 SET SQL_MODE=@OLD_SQL_MODE */;
/*!40014 SET FOREIGN_KEY_CHECKS=@OLD_FOREIGN_KEY_CHECKS */;
/*!40014 SET UNIQUE_CHECKS=@OLD_UNIQUE_CHECKS */;
/*!40101 SET CHARACTER_SET_CLIENT=@OLD_CHARACTER_SET_CLIENT */;
/*!40101 SET CHARACTER_SET_RESULTS=@OLD_CHARACTER_SET_RESULTS */;
/*!40101 SET COLLATION_CONNECTION=@OLD_COLLATION_CONNECTION */;
/*!40111 SET SQL_NOTES=@OLD_SQL_NOTES */;

-- Dump completed on 2014-12-22 14:57:47
